2026-01-25 21:40:21,647 - Connection failed: [Errno 111] Connection refused
2026-01-25 21:44:40,676 - Connected to MQTT server
2026-01-25 21:45:52,752 - Connected to MQTT server
2026-01-25 21:45:53,769 - GameStatus received: stage 4
2026-01-25 21:45:54,770 - GameStatus received: stage 4
2026-01-25 21:45:55,772 - GameStatus received: stage 4
2026-01-25 21:45:56,773 - GameStatus received: stage 4
2026-01-25 21:45:57,775 - GameStatus received: stage 4
2026-01-25 21:45:58,776 - GameStatus received: stage 4
2026-01-25 21:45:59,777 - GameStatus received: stage 4
2026-01-25 21:46:00,779 - GameStatus received: stage 4
2026-01-25 21:46:01,781 - GameStatus received: stage 4
2026-01-25 21:46:02,782 - GameStatus received: stage 4
2026-01-25 21:46:03,783 - GameStatus received: stage 4
2026-01-25 21:46:04,784 - GameStatus received: stage 4
2026-01-25 21:46:05,785 - GameStatus received: stage 4
2026-01-25 21:46:06,786 - GameStatus received: stage 4
2026-01-25 21:46:07,787 - GameStatus received: stage 4
2026-01-25 21:46:08,788 - GameStatus received: stage 4
2026-01-25 21:46:09,789 - GameStatus received: stage 4
2026-01-25 21:46:10,790 - GameStatus received: stage 4
2026-01-25 21:46:11,791 - GameStatus received: stage 4
2026-01-25 21:46:12,792 - GameStatus received: stage 4
2026-01-25 21:46:13,793 - GameStatus received: stage 4
2026-01-25 21:48:03,077 - Connected to MQTT server
2026-01-25 21:48:03,976 - GameStatus received: stage 4
2026-01-25 21:48:04,977 - GameStatus received: stage 4
2026-01-25 21:48:05,979 - GameStatus received: stage 4
2026-01-25 21:48:06,980 - GameStatus received: stage 4
2026-01-25 21:48:07,981 - GameStatus received: stage 4
2026-01-25 21:48:08,983 - GameStatus received: stage 4
2026-01-25 21:48:09,985 - GameStatus received: stage 4
2026-01-25 21:48:10,986 - GameStatus received: stage 4
2026-01-25 21:48:11,988 - GameStatus received: stage 4
2026-01-25 21:48:12,990 - GameStatus received: stage 4
2026-01-25 21:48:13,992 - GameStatus received: stage 4
2026-01-25 21:48:14,993 - GameStatus received: stage 4
2026-01-25 21:48:15,994 - GameStatus received: stage 4
2026-01-25 21:48:16,995 - GameStatus received: stage 4
2026-01-25 21:48:17,996 - GameStatus received: stage 4
2026-01-25 21:48:18,998 - GameStatus received: stage 4
2026-01-25 21:48:19,999 - GameStatus received: stage 4
2026-01-25 21:48:21,000 - GameStatus received: stage 4
2026-01-25 21:48:22,001 - GameStatus received: stage 4
2026-01-25 21:48:23,003 - GameStatus received: stage 4
2026-01-25 21:48:24,004 - GameStatus received: stage 4
2026-01-25 21:48:25,006 - GameStatus received: stage 4
2026-01-25 21:48:26,007 - GameStatus received: stage 4
2026-01-25 21:48:27,009 - GameStatus received: stage 4
2026-01-25 21:48:28,010 - GameStatus received: stage 4
2026-01-25 21:48:29,012 - GameStatus received: stage 4
2026-01-25 21:48:30,013 - GameStatus received: stage 4
2026-01-25 21:48:31,015 - GameStatus received: stage 4
2026-01-25 21:48:32,016 - GameStatus received: stage 4
2026-01-25 21:48:33,018 - GameStatus received: stage 4
2026-01-25 21:48:34,019 - GameStatus received: stage 4
2026-01-25 21:48:35,021 - GameStatus received: stage 4
2026-01-25 21:48:36,022 - GameStatus received: stage 4
2026-01-25 21:48:37,023 - GameStatus received: stage 4
2026-01-25 21:48:38,025 - GameStatus received: stage 4
2026-01-25 21:48:39,026 - GameStatus received: stage 4
2026-01-25 21:48:40,028 - GameStatus received: stage 4
2026-01-25 21:48:41,030 - GameStatus received: stage 4
2026-01-25 21:48:42,031 - GameStatus received: stage 4
2026-01-25 21:48:43,033 - GameStatus received: stage 4
2026-01-25 21:48:44,034 - GameStatus received: stage 4
2026-01-25 21:48:45,036 - GameStatus received: stage 4
2026-01-25 21:48:46,038 - GameStatus received: stage 4
2026-01-25 21:48:47,038 - GameStatus received: stage 4
2026-01-25 21:48:48,039 - GameStatus received: stage 4
2026-01-25 21:48:49,041 - GameStatus received: stage 4
2026-01-25 21:48:50,042 - GameStatus received: stage 4
2026-01-25 21:48:51,043 - GameStatus received: stage 4
2026-01-25 21:48:52,043 - GameStatus received: stage 4
2026-01-25 21:48:53,045 - GameStatus received: stage 4
2026-01-25 21:48:54,045 - GameStatus received: stage 4
2026-01-25 21:48:55,047 - GameStatus received: stage 4
2026-01-25 21:48:56,048 - GameStatus received: stage 4
2026-01-25 21:48:57,049 - GameStatus received: stage 4
2026-01-25 21:48:58,051 - GameStatus received: stage 4
2026-01-25 21:48:59,053 - GameStatus received: stage 4
2026-01-25 21:49:00,054 - GameStatus received: stage 4
2026-01-25 21:49:01,055 - GameStatus received: stage 4
2026-01-25 21:49:02,056 - GameStatus received: stage 4
2026-01-25 21:49:03,058 - GameStatus received: stage 4
2026-01-25 21:49:04,059 - GameStatus received: stage 4
2026-01-25 21:49:05,061 - GameStatus received: stage 4
2026-01-25 21:49:06,061 - GameStatus received: stage 4
2026-01-25 21:49:07,062 - GameStatus received: stage 4
2026-01-25 21:49:08,065 - GameStatus received: stage 4
2026-01-25 21:49:09,067 - GameStatus received: stage 4
2026-01-25 21:49:10,068 - GameStatus received: stage 4
2026-01-25 21:49:11,070 - GameStatus received: stage 4
2026-01-25 21:49:12,072 - GameStatus received: stage 4
2026-01-25 21:49:13,073 - GameStatus received: stage 4
2026-01-25 21:49:14,075 - GameStatus received: stage 4
2026-01-25 21:49:15,076 - GameStatus received: stage 4
2026-01-25 21:49:16,078 - GameStatus received: stage 4
2026-01-25 21:49:17,079 - GameStatus received: stage 4
2026-01-25 21:49:18,081 - GameStatus received: stage 4
2026-01-25 21:49:19,082 - GameStatus received: stage 4
2026-01-25 21:49:20,084 - GameStatus received: stage 4
2026-01-25 21:49:21,085 - GameStatus received: stage 4
2026-01-25 21:49:22,086 - GameStatus received: stage 4
2026-01-25 21:49:23,088 - GameStatus received: stage 4
2026-01-25 21:49:24,088 - GameStatus received: stage 4
2026-01-25 21:49:25,089 - GameStatus received: stage 4
2026-01-25 21:49:26,090 - GameStatus received: stage 4
2026-01-25 21:49:27,091 - GameStatus received: stage 4
2026-01-25 21:49:28,092 - GameStatus received: stage 4
2026-01-25 21:49:29,094 - GameStatus received: stage 4
2026-01-25 21:49:30,095 - GameStatus received: stage 4
2026-01-25 21:49:31,096 - GameStatus received: stage 4
2026-01-25 21:49:32,098 - GameStatus received: stage 4
2026-01-25 21:49:33,100 - GameStatus received: stage 4
2026-01-25 21:49:34,101 - GameStatus received: stage 4
2026-01-25 21:49:35,103 - GameStatus received: stage 4
2026-01-25 21:49:36,104 - GameStatus received: stage 4
2026-01-25 21:49:37,106 - GameStatus received: stage 4
2026-01-25 21:49:38,107 - GameStatus received: stage 4
2026-01-25 21:49:39,108 - GameStatus received: stage 4
2026-01-25 21:49:40,110 - GameStatus received: stage 4
2026-01-25 21:49:41,111 - GameStatus received: stage 4
2026-01-25 21:49:42,113 - GameStatus received: stage 4
2026-01-25 21:49:43,114 - GameStatus received: stage 4
2026-01-25 21:49:44,116 - GameStatus received: stage 4
2026-01-25 21:49:45,117 - GameStatus received: stage 4
2026-01-25 21:49:46,119 - GameStatus received: stage 4
2026-01-25 21:49:47,121 - GameStatus received: stage 4
2026-01-25 21:49:48,123 - GameStatus received: stage 4
2026-01-25 21:49:49,124 - GameStatus received: stage 4
2026-01-25 21:49:50,126 - GameStatus received: stage 4
2026-01-25 21:49:51,128 - GameStatus received: stage 4
2026-01-25 21:49:52,128 - GameStatus received: stage 4
2026-01-25 21:49:53,129 - GameStatus received: stage 4
2026-01-25 21:49:54,130 - GameStatus received: stage 4
2026-01-25 21:49:55,131 - GameStatus received: stage 4
2026-01-25 21:49:56,131 - GameStatus received: stage 4
2026-01-25 21:49:57,133 - GameStatus received: stage 4
2026-01-25 21:49:58,134 - GameStatus received: stage 4
2026-01-25 21:49:59,135 - GameStatus received: stage 4
2026-01-25 21:50:00,136 - GameStatus received: stage 4
2026-01-25 21:50:01,137 - GameStatus received: stage 4
2026-01-25 21:50:02,139 - GameStatus received: stage 4
2026-01-25 21:50:03,140 - GameStatus received: stage 4
2026-01-25 21:50:04,141 - GameStatus received: stage 4
2026-01-25 21:50:05,143 - GameStatus received: stage 4
2026-01-25 21:50:06,144 - GameStatus received: stage 4
2026-01-25 21:50:07,146 - GameStatus received: stage 4
2026-01-25 21:50:08,148 - GameStatus received: stage 4
2026-01-25 21:50:09,150 - GameStatus received: stage 4
2026-01-25 21:50:10,151 - GameStatus received: stage 4
2026-01-25 21:50:11,153 - GameStatus received: stage 4
2026-01-25 21:50:12,155 - GameStatus received: stage 4
2026-01-25 21:50:13,157 - GameStatus received: stage 4
2026-01-25 21:50:14,158 - GameStatus received: stage 4
2026-01-25 21:50:15,160 - GameStatus received: stage 4
2026-01-25 21:50:16,162 - GameStatus received: stage 4
2026-01-25 21:50:17,164 - GameStatus received: stage 4
2026-01-25 21:50:18,165 - GameStatus received: stage 4
2026-01-25 21:50:19,167 - GameStatus received: stage 4
2026-01-25 21:50:20,168 - GameStatus received: stage 4
2026-01-25 21:50:21,170 - GameStatus received: stage 4
2026-01-25 21:50:22,171 - GameStatus received: stage 4
2026-01-25 21:50:23,173 - GameStatus received: stage 4
2026-01-25 21:50:24,175 - GameStatus received: stage 4
2026-01-25 21:50:25,176 - GameStatus received: stage 4
2026-01-25 21:50:26,177 - GameStatus received: stage 4
2026-01-25 21:50:27,177 - GameStatus received: stage 4
2026-01-25 21:50:28,179 - GameStatus received: stage 4
2026-01-25 21:50:29,180 - GameStatus received: stage 4
2026-01-25 21:50:30,181 - GameStatus received: stage 4
2026-01-25 21:50:31,182 - GameStatus received: stage 4
2026-01-25 21:50:32,184 - GameStatus received: stage 4
2026-01-25 21:50:33,185 - GameStatus received: stage 4
2026-01-25 21:50:34,186 - GameStatus received: stage 4
2026-01-25 21:50:35,188 - GameStatus received: stage 4
2026-01-25 21:50:36,189 - GameStatus received: stage 4
2026-01-25 21:50:37,191 - GameStatus received: stage 4
2026-01-25 21:50:38,192 - GameStatus received: stage 4
2026-01-25 21:50:39,194 - GameStatus received: stage 4
2026-01-25 21:50:40,196 - GameStatus received: stage 4
2026-01-25 21:50:41,199 - GameStatus received: stage 4
2026-01-25 21:50:42,203 - GameStatus received: stage 4
2026-01-25 21:50:43,207 - GameStatus received: stage 4
2026-01-25 21:50:44,210 - GameStatus received: stage 4
2026-01-25 21:50:45,215 - GameStatus received: stage 4
2026-01-25 21:50:46,220 - GameStatus received: stage 4
2026-01-25 21:50:47,224 - GameStatus received: stage 4
2026-01-25 21:50:48,228 - GameStatus received: stage 4
2026-01-25 21:50:49,230 - GameStatus received: stage 4
2026-01-25 21:50:50,236 - GameStatus received: stage 4
2026-01-25 21:50:51,239 - GameStatus received: stage 4
2026-01-25 21:50:52,243 - GameStatus received: stage 4
2026-01-25 21:50:53,247 - GameStatus received: stage 4
2026-01-25 21:50:54,253 - GameStatus received: stage 4
2026-01-25 21:50:55,259 - GameStatus received: stage 4
2026-01-25 21:50:56,263 - GameStatus received: stage 4
2026-01-25 21:50:57,264 - GameStatus received: stage 4
2026-01-25 21:50:58,266 - GameStatus received: stage 4
2026-01-25 21:50:59,267 - GameStatus received: stage 4
2026-01-25 21:51:00,268 - GameStatus received: stage 4
2026-01-25 21:51:01,271 - GameStatus received: stage 4
2026-01-25 21:51:02,272 - GameStatus received: stage 4
2026-01-25 21:51:03,273 - GameStatus received: stage 4
2026-01-25 21:51:04,273 - GameStatus received: stage 4
2026-01-25 21:51:05,274 - GameStatus received: stage 4
2026-01-25 21:51:06,275 - GameStatus received: stage 4
2026-01-25 21:51:07,276 - GameStatus received: stage 4
2026-01-25 21:51:08,277 - GameStatus received: stage 4
2026-01-25 21:51:09,279 - GameStatus received: stage 4
2026-01-25 21:51:10,281 - GameStatus received: stage 4
2026-01-25 21:51:11,283 - GameStatus received: stage 4
2026-01-25 21:51:12,286 - GameStatus received: stage 4
2026-01-25 21:51:13,289 - GameStatus received: stage 4
2026-01-25 21:51:14,293 - GameStatus received: stage 4
2026-01-25 21:51:15,297 - GameStatus received: stage 4
2026-01-25 21:51:16,301 - GameStatus received: stage 4
2026-01-25 21:51:17,305 - GameStatus received: stage 4
2026-01-25 21:51:18,310 - GameStatus received: stage 4
2026-01-25 21:51:19,313 - GameStatus received: stage 4
2026-01-25 21:51:20,315 - GameStatus received: stage 4
2026-01-25 21:51:21,316 - GameStatus received: stage 4
2026-01-25 21:51:22,318 - GameStatus received: stage 4
2026-01-25 21:51:23,319 - GameStatus received: stage 4
2026-01-25 21:51:24,321 - GameStatus received: stage 4
2026-01-25 21:51:25,322 - GameStatus received: stage 4
2026-01-25 21:51:26,324 - GameStatus received: stage 4
2026-01-25 21:51:27,325 - GameStatus received: stage 4
2026-01-25 21:51:28,327 - GameStatus received: stage 4
2026-01-25 21:51:29,328 - GameStatus received: stage 4
2026-01-25 21:51:30,329 - GameStatus received: stage 4
2026-01-25 21:51:31,331 - GameStatus received: stage 4
2026-01-25 21:51:32,331 - GameStatus received: stage 4
2026-01-25 21:51:33,333 - GameStatus received: stage 4
2026-01-25 21:51:34,334 - GameStatus received: stage 4
2026-01-25 21:51:35,335 - GameStatus received: stage 4
2026-01-25 21:51:36,337 - GameStatus received: stage 4
2026-01-25 21:51:37,338 - GameStatus received: stage 4
2026-01-25 21:51:38,339 - GameStatus received: stage 4
2026-01-25 21:51:39,341 - GameStatus received: stage 4
2026-01-25 21:51:40,343 - GameStatus received: stage 4
2026-01-25 21:51:41,345 - GameStatus received: stage 4
2026-01-25 21:51:42,347 - GameStatus received: stage 4
2026-01-25 21:51:43,349 - GameStatus received: stage 4
2026-01-25 21:51:44,352 - GameStatus received: stage 4
2026-01-25 21:51:45,356 - GameStatus received: stage 4
2026-01-25 21:51:46,360 - GameStatus received: stage 4
2026-01-25 21:51:47,364 - GameStatus received: stage 4
2026-01-25 21:51:48,367 - GameStatus received: stage 4
2026-01-25 21:51:49,369 - GameStatus received: stage 4
2026-01-25 21:51:50,374 - GameStatus received: stage 4
2026-01-25 21:51:51,379 - GameStatus received: stage 4
2026-01-25 21:51:52,384 - GameStatus received: stage 4
2026-01-25 21:51:53,389 - GameStatus received: stage 4
2026-01-25 21:51:54,395 - GameStatus received: stage 4
2026-01-25 21:51:55,400 - GameStatus received: stage 4
2026-01-25 21:51:56,405 - GameStatus received: stage 4
2026-01-25 21:51:57,410 - GameStatus received: stage 4
2026-01-25 21:51:58,416 - GameStatus received: stage 4
2026-01-25 21:51:59,418 - GameStatus received: stage 4
2026-01-25 21:52:00,423 - GameStatus received: stage 4
2026-01-25 21:52:01,429 - GameStatus received: stage 4
2026-01-25 21:52:02,430 - GameStatus received: stage 4
2026-01-25 21:52:03,431 - GameStatus received: stage 4
2026-01-25 21:52:04,432 - GameStatus received: stage 4
2026-01-25 21:52:05,434 - GameStatus received: stage 4
2026-01-25 21:52:06,435 - GameStatus received: stage 4
2026-01-25 21:52:07,437 - GameStatus received: stage 4
2026-01-25 21:52:08,438 - GameStatus received: stage 4
2026-01-25 21:52:09,439 - GameStatus received: stage 4
2026-01-25 21:52:10,440 - GameStatus received: stage 4
2026-01-25 21:52:11,442 - GameStatus received: stage 4
2026-01-25 21:52:12,443 - GameStatus received: stage 4
2026-01-25 21:52:13,444 - GameStatus received: stage 4
2026-01-25 21:52:14,446 - GameStatus received: stage 4
2026-01-25 21:52:15,447 - GameStatus received: stage 4
2026-01-25 21:52:16,448 - GameStatus received: stage 4
2026-01-25 21:52:17,449 - GameStatus received: stage 4
2026-01-25 21:52:18,451 - GameStatus received: stage 4
2026-01-25 21:52:19,453 - GameStatus received: stage 4
2026-01-25 21:52:20,454 - GameStatus received: stage 4
2026-01-25 21:52:21,459 - GameStatus received: stage 4
2026-01-25 21:52:22,464 - GameStatus received: stage 4
2026-01-25 21:52:23,469 - GameStatus received: stage 4
2026-01-25 21:52:24,474 - GameStatus received: stage 4
2026-01-25 21:52:25,479 - GameStatus received: stage 4
2026-01-25 21:52:26,484 - GameStatus received: stage 4
2026-01-25 21:52:27,490 - GameStatus received: stage 4
2026-01-25 21:52:28,495 - GameStatus received: stage 4
2026-01-25 21:52:29,497 - GameStatus received: stage 4
2026-01-25 21:52:30,498 - GameStatus received: stage 4
2026-01-25 21:52:31,500 - GameStatus received: stage 4
2026-01-25 21:52:32,501 - GameStatus received: stage 4
2026-01-25 21:52:33,501 - GameStatus received: stage 4
2026-01-25 21:52:34,503 - GameStatus received: stage 4
2026-01-25 21:52:35,504 - GameStatus received: stage 4
2026-01-25 21:52:36,505 - GameStatus received: stage 4
2026-01-25 21:52:37,506 - GameStatus received: stage 4
2026-01-25 21:52:38,507 - GameStatus received: stage 4
2026-01-25 21:52:39,509 - GameStatus received: stage 4
2026-01-25 21:52:40,510 - GameStatus received: stage 4
2026-01-25 21:52:41,512 - GameStatus received: stage 4
2026-01-25 21:52:42,513 - GameStatus received: stage 4
2026-01-25 21:52:43,515 - GameStatus received: stage 4
2026-01-25 21:52:44,516 - GameStatus received: stage 4
2026-01-25 21:52:45,517 - GameStatus received: stage 4
2026-01-25 21:52:46,519 - GameStatus received: stage 4
2026-01-25 21:52:47,520 - GameStatus received: stage 4
2026-01-25 21:52:48,522 - GameStatus received: stage 4
2026-01-25 21:59:39,405 - Connected to MQTT server
2026-01-25 21:59:39,684 - GameStatus received: stage 4
2026-01-25 21:59:40,685 - GameStatus received: stage 4
2026-01-25 21:59:41,686 - GameStatus received: stage 4
2026-01-25 21:59:42,688 - GameStatus received: stage 4
2026-01-25 21:59:43,147 - Disconnected, reconnecting...
2026-01-25 21:59:49,155 - Connected to MQTT server
2026-01-25 21:59:49,697 - GameStatus received: stage 4
2026-01-25 21:59:50,699 - GameStatus received: stage 4
2026-01-25 21:59:51,700 - GameStatus received: stage 4
2026-01-25 21:59:52,701 - GameStatus received: stage 4
2026-01-25 21:59:53,703 - GameStatus received: stage 4
2026-01-25 22:01:19,951 - Connected to MQTT server
2026-01-25 22:01:20,939 - GameStatus received: stage 4
2026-01-25 22:01:21,941 - GameStatus received: stage 4
2026-01-25 22:01:22,946 - GameStatus received: stage 4
2026-01-25 22:01:23,948 - GameStatus received: stage 4
2026-01-25 22:01:24,951 - GameStatus received: stage 4
2026-01-25 22:01:25,954 - GameStatus received: stage 4
2026-01-25 22:01:26,955 - GameStatus received: stage 4
2026-01-25 22:01:27,957 - GameStatus received: stage 4
2026-01-25 22:01:28,958 - GameStatus received: stage 4
2026-01-25 22:01:29,960 - GameStatus received: stage 4
2026-01-25 22:01:30,963 - GameStatus received: stage 4
2026-01-25 22:01:31,964 - GameStatus received: stage 4
2026-01-25 22:01:32,966 - GameStatus received: stage 4
2026-01-25 22:01:33,968 - GameStatus received: stage 4
2026-01-25 22:01:34,969 - GameStatus received: stage 4
2026-01-25 22:01:35,971 - GameStatus received: stage 4
2026-01-25 22:01:36,972 - GameStatus received: stage 4
2026-01-25 22:01:37,975 - GameStatus received: stage 4
2026-01-25 22:01:38,976 - GameStatus received: stage 4
2026-01-25 22:01:39,977 - GameStatus received: stage 4
2026-01-25 22:01:40,982 - GameStatus received: stage 4
2026-01-25 22:01:41,984 - GameStatus received: stage 4
2026-01-25 22:01:42,985 - GameStatus received: stage 4
2026-01-25 22:01:43,987 - GameStatus received: stage 4
2026-01-25 22:01:44,989 - GameStatus received: stage 4
2026-01-25 22:01:45,991 - GameStatus received: stage 4
2026-01-25 22:01:46,992 - GameStatus received: stage 4
2026-01-25 22:01:47,993 - GameStatus received: stage 4
2026-01-25 22:01:48,994 - GameStatus received: stage 4
2026-01-25 22:01:49,995 - GameStatus received: stage 4
2026-01-25 22:01:50,995 - GameStatus received: stage 4
2026-01-25 22:01:51,996 - GameStatus received: stage 4
2026-01-25 22:01:52,997 - GameStatus received: stage 4
2026-01-25 22:01:53,999 - GameStatus received: stage 4
2026-01-25 22:01:55,001 - GameStatus received: stage 4
2026-01-25 22:01:56,003 - GameStatus received: stage 4
2026-01-25 22:01:57,004 - GameStatus received: stage 4
2026-01-25 22:01:58,006 - GameStatus received: stage 4
2026-01-25 22:01:59,007 - GameStatus received: stage 4
2026-01-25 22:02:00,009 - GameStatus received: stage 4
2026-01-25 22:02:01,010 - GameStatus received: stage 4
2026-01-25 22:02:02,012 - GameStatus received: stage 4
2026-01-25 22:02:03,014 - GameStatus received: stage 4
2026-01-25 22:02:04,017 - GameStatus received: stage 4
2026-01-25 22:02:05,018 - GameStatus received: stage 4
2026-01-25 22:02:06,019 - GameStatus received: stage 4
2026-01-25 22:02:07,021 - GameStatus received: stage 4
2026-01-25 22:02:08,022 - GameStatus received: stage 4
2026-01-25 22:02:09,023 - GameStatus received: stage 4
2026-01-25 22:02:10,026 - GameStatus received: stage 4
2026-01-25 22:02:11,028 - GameStatus received: stage 4
2026-01-25 22:02:12,030 - GameStatus received: stage 4
2026-01-25 22:02:13,031 - GameStatus received: stage 4
2026-01-25 22:02:14,033 - GameStatus received: stage 4
2026-01-25 22:02:15,035 - GameStatus received: stage 4
2026-01-25 22:02:16,036 - GameStatus received: stage 4
2026-01-25 22:02:17,038 - GameStatus received: stage 4
2026-01-25 22:02:18,039 - GameStatus received: stage 4
2026-01-25 22:02:19,040 - GameStatus received: stage 4
2026-01-25 22:02:20,041 - GameStatus received: stage 4
2026-01-25 22:02:21,042 - GameStatus received: stage 4
2026-01-25 22:02:22,044 - GameStatus received: stage 4
2026-01-25 22:02:23,045 - GameStatus received: stage 4
2026-01-25 22:02:24,046 - GameStatus received: stage 4
2026-01-25 22:02:25,048 - GameStatus received: stage 4
2026-01-25 22:02:26,049 - GameStatus received: stage 4
2026-01-25 22:02:27,050 - GameStatus received: stage 4
2026-01-25 22:02:28,051 - GameStatus received: stage 4
2026-01-25 22:02:29,052 - GameStatus received: stage 4
2026-01-25 22:02:30,052 - GameStatus received: stage 4
2026-01-25 22:02:31,053 - GameStatus received: stage 4
2026-01-25 22:02:32,055 - GameStatus received: stage 4
2026-01-25 22:02:33,056 - GameStatus received: stage 4
2026-01-25 22:02:34,057 - GameStatus received: stage 4
2026-01-25 22:02:35,059 - GameStatus received: stage 4
2026-01-25 22:02:36,060 - GameStatus received: stage 4
2026-01-25 22:02:37,062 - GameStatus received: stage 4
2026-01-25 22:02:38,064 - GameStatus received: stage 4
2026-01-25 22:02:39,066 - GameStatus received: stage 4
2026-01-25 22:02:40,068 - GameStatus received: stage 4
2026-01-25 22:02:41,069 - GameStatus received: stage 4
2026-01-25 22:02:42,070 - GameStatus received: stage 4
2026-01-25 22:02:43,072 - GameStatus received: stage 4
2026-01-25 22:02:44,073 - GameStatus received: stage 4
2026-01-25 22:02:45,075 - GameStatus received: stage 4
2026-01-25 22:02:46,077 - GameStatus received: stage 4
2026-01-25 22:02:47,078 - GameStatus received: stage 4
2026-01-25 22:02:48,080 - GameStatus received: stage 4
2026-01-25 22:02:49,081 - GameStatus received: stage 4
2026-01-25 22:02:50,082 - GameStatus received: stage 4
2026-01-25 22:02:51,083 - GameStatus received: stage 4
2026-01-25 22:02:52,085 - GameStatus received: stage 4
2026-01-25 22:02:53,086 - GameStatus received: stage 4
2026-01-25 22:02:54,087 - GameStatus received: stage 4
2026-01-25 22:02:55,088 - GameStatus received: stage 4
2026-01-25 22:02:56,090 - GameStatus received: stage 4
2026-01-25 22:02:57,091 - GameStatus received: stage 4
2026-01-25 22:02:58,092 - GameStatus received: stage 4
2026-01-25 22:02:59,094 - GameStatus received: stage 4
2026-01-25 22:14:50,423 - Connected to MQTT server
2026-01-25 22:14:51,235 - GameStatus received: stage 4
2026-01-25 22:14:52,237 - GameStatus received: stage 4
2026-01-25 22:14:53,240 - GameStatus received: stage 4
2026-01-25 22:14:54,244 - GameStatus received: stage 4
2026-01-25 22:14:55,246 - GameStatus received: stage 4
2026-01-25 22:14:56,249 - GameStatus received: stage 4
2026-01-25 22:14:57,251 - GameStatus received: stage 4
2026-01-25 22:14:58,254 - GameStatus received: stage 4
2026-01-25 22:14:59,258 - GameStatus received: stage 4
2026-01-25 22:15:00,260 - GameStatus received: stage 4
2026-01-25 22:15:01,263 - GameStatus received: stage 4
2026-01-25 22:15:02,264 - GameStatus received: stage 4
2026-01-25 22:15:03,267 - GameStatus received: stage 4
2026-01-25 22:15:04,268 - GameStatus received: stage 4
2026-01-25 22:15:05,270 - GameStatus received: stage 4
2026-01-25 22:15:06,273 - GameStatus received: stage 4
2026-01-25 22:15:07,275 - GameStatus received: stage 4
2026-01-25 22:15:08,277 - GameStatus received: stage 4
2026-01-25 22:15:09,279 - GameStatus received: stage 4
2026-01-25 22:15:10,281 - GameStatus received: stage 4
2026-01-25 22:15:11,283 - GameStatus received: stage 4
2026-01-25 22:15:12,284 - GameStatus received: stage 4
2026-01-25 22:15:13,285 - GameStatus received: stage 4
2026-01-25 22:15:14,285 - GameStatus received: stage 4
2026-01-25 22:15:15,287 - GameStatus received: stage 4
2026-01-25 22:15:16,288 - GameStatus received: stage 4
2026-01-25 22:15:17,289 - GameStatus received: stage 4
2026-01-25 22:15:18,290 - GameStatus received: stage 4
2026-01-25 22:15:19,291 - GameStatus received: stage 4
2026-01-25 22:15:20,292 - GameStatus received: stage 4
2026-01-25 22:15:21,294 - GameStatus received: stage 4
2026-01-25 22:15:22,295 - GameStatus received: stage 4
2026-01-25 22:15:23,297 - GameStatus received: stage 4
2026-01-25 22:15:24,299 - GameStatus received: stage 4
2026-01-25 22:15:25,300 - GameStatus received: stage 4
2026-01-25 22:15:26,302 - GameStatus received: stage 4
2026-01-25 22:15:27,304 - GameStatus received: stage 4
2026-01-25 22:15:28,305 - GameStatus received: stage 4
2026-01-25 22:15:29,307 - GameStatus received: stage 4
2026-01-25 22:15:30,309 - GameStatus received: stage 4
2026-01-25 22:15:31,311 - GameStatus received: stage 4
2026-01-25 22:15:32,314 - GameStatus received: stage 4
2026-01-25 22:15:33,315 - GameStatus received: stage 4
2026-01-25 22:15:34,317 - GameStatus received: stage 4
2026-01-25 22:15:35,319 - GameStatus received: stage 4
2026-01-25 22:15:36,321 - GameStatus received: stage 4
2026-01-25 22:15:37,323 - GameStatus received: stage 4
2026-01-25 22:15:38,325 - GameStatus received: stage 4
2026-01-25 22:15:39,327 - GameStatus received: stage 4
2026-01-25 22:15:40,328 - GameStatus received: stage 4
2026-01-25 22:15:41,330 - GameStatus received: stage 4
2026-01-25 22:15:42,332 - GameStatus received: stage 4
2026-01-25 22:15:43,333 - GameStatus received: stage 4
2026-01-25 22:15:44,335 - GameStatus received: stage 4
2026-01-25 22:15:45,336 - GameStatus received: stage 4
2026-01-25 22:15:46,336 - GameStatus received: stage 4
2026-01-25 22:15:47,337 - GameStatus received: stage 4
2026-01-25 22:15:48,338 - GameStatus received: stage 4
2026-01-25 22:15:49,339 - GameStatus received: stage 4
2026-01-25 22:15:50,340 - GameStatus received: stage 4
2026-01-25 22:15:51,341 - GameStatus received: stage 4
2026-01-25 22:15:52,342 - GameStatus received: stage 4
2026-01-25 22:15:53,343 - GameStatus received: stage 4
2026-01-25 22:15:54,345 - GameStatus received: stage 4
2026-01-25 22:15:55,346 - GameStatus received: stage 4
2026-01-25 22:15:56,348 - GameStatus received: stage 4
2026-01-25 22:15:57,349 - GameStatus received: stage 4
2026-01-25 22:15:58,351 - GameStatus received: stage 4
2026-01-25 22:15:59,353 - GameStatus received: stage 4
2026-01-25 22:16:00,354 - GameStatus received: stage 4
2026-01-25 22:16:01,355 - GameStatus received: stage 4
2026-01-25 22:16:02,357 - GameStatus received: stage 4
2026-01-25 22:16:03,359 - GameStatus received: stage 4
2026-01-25 22:16:04,360 - GameStatus received: stage 4
2026-01-25 22:16:05,362 - GameStatus received: stage 4
2026-01-25 22:16:06,364 - GameStatus received: stage 4
2026-01-25 22:16:07,366 - GameStatus received: stage 4
2026-01-25 22:16:08,368 - GameStatus received: stage 4
2026-01-25 22:16:09,370 - GameStatus received: stage 4
2026-01-25 22:16:10,372 - GameStatus received: stage 4
2026-01-25 22:16:11,373 - GameStatus received: stage 4
2026-01-25 22:16:12,375 - GameStatus received: stage 4
2026-01-25 22:16:13,377 - GameStatus received: stage 4
2026-01-25 22:16:14,379 - GameStatus received: stage 4
2026-01-25 22:16:15,379 - GameStatus received: stage 4
2026-01-25 22:16:16,380 - GameStatus received: stage 4
2026-01-25 22:16:17,381 - GameStatus received: stage 4
2026-01-25 22:16:18,381 - GameStatus received: stage 4
2026-01-25 22:16:19,382 - GameStatus received: stage 4
2026-01-25 22:16:20,384 - GameStatus received: stage 4
2026-01-25 22:16:21,385 - GameStatus received: stage 4
2026-01-25 22:16:22,386 - GameStatus received: stage 4
2026-01-25 22:16:23,387 - GameStatus received: stage 4
2026-01-25 22:16:24,388 - GameStatus received: stage 4
2026-01-25 22:16:25,389 - GameStatus received: stage 4
2026-01-25 22:16:26,391 - GameStatus received: stage 4
2026-01-25 22:16:27,392 - GameStatus received: stage 4
2026-01-25 22:16:28,393 - GameStatus received: stage 4
2026-01-25 22:16:29,395 - GameStatus received: stage 4
2026-01-25 22:16:30,396 - GameStatus received: stage 4
2026-01-25 22:16:31,398 - GameStatus received: stage 4
2026-01-25 22:16:32,399 - GameStatus received: stage 4
2026-01-25 22:16:33,401 - GameStatus received: stage 4
2026-01-25 22:16:34,402 - GameStatus received: stage 4
2026-01-25 22:16:35,404 - GameStatus received: stage 4
2026-01-25 22:16:36,406 - GameStatus received: stage 4
2026-01-25 22:16:37,407 - GameStatus received: stage 4
2026-01-25 22:16:38,409 - GameStatus received: stage 4
2026-01-25 22:16:39,410 - GameStatus received: stage 4
2026-01-25 22:16:40,412 - GameStatus received: stage 4
2026-01-25 22:16:41,413 - GameStatus received: stage 4
2026-01-25 22:16:42,415 - GameStatus received: stage 4
2026-01-25 22:16:43,417 - GameStatus received: stage 4
2026-01-25 22:16:44,418 - GameStatus received: stage 4
2026-01-25 22:16:45,420 - GameStatus received: stage 4
2026-01-25 22:16:46,421 - GameStatus received: stage 4
2026-01-25 22:16:47,423 - GameStatus received: stage 4
2026-01-25 22:16:48,424 - GameStatus received: stage 4
2026-01-25 22:16:49,425 - GameStatus received: stage 4
2026-01-25 22:16:50,426 - GameStatus received: stage 4
2026-01-25 22:16:51,427 - GameStatus received: stage 4
2026-01-25 22:16:52,428 - GameStatus received: stage 4
2026-01-25 22:16:53,429 - GameStatus received: stage 4
2026-01-25 22:16:54,430 - GameStatus received: stage 4
2026-01-25 22:16:55,431 - GameStatus received: stage 4
2026-01-25 22:16:56,432 - GameStatus received: stage 4
2026-01-25 22:16:57,434 - GameStatus received: stage 4
2026-01-25 22:16:58,436 - GameStatus received: stage 4
2026-01-25 22:16:59,437 - GameStatus received: stage 4
2026-01-25 22:17:00,438 - GameStatus received: stage 4
2026-01-25 22:17:01,439 - GameStatus received: stage 4
2026-01-25 22:17:02,441 - GameStatus received: stage 4
2026-01-25 22:17:03,443 - GameStatus received: stage 4
2026-01-25 22:17:04,444 - GameStatus received: stage 4
2026-01-25 22:17:05,446 - GameStatus received: stage 4
2026-01-25 22:17:06,447 - GameStatus received: stage 4
2026-01-25 22:17:07,449 - GameStatus received: stage 4
2026-01-25 22:17:08,450 - GameStatus received: stage 4
2026-01-25 22:17:09,452 - GameStatus received: stage 4
2026-01-25 22:17:10,453 - GameStatus received: stage 4
2026-01-25 22:17:11,454 - GameStatus received: stage 4
2026-01-25 22:17:12,456 - GameStatus received: stage 4
2026-01-25 22:17:13,458 - GameStatus received: stage 4
2026-01-25 22:17:14,459 - GameStatus received: stage 4
2026-01-25 22:17:15,460 - GameStatus received: stage 4
2026-01-25 22:17:16,128 - Disconnected, reconnecting...
2026-01-25 22:17:44,984 - Connected to MQTT server
2026-01-25 22:17:45,557 - GameStatus received: stage 4
2026-01-25 22:17:46,559 - GameStatus received: stage 4
2026-01-25 22:17:47,560 - GameStatus received: stage 4
2026-01-25 22:17:48,562 - GameStatus received: stage 4
2026-01-25 22:17:49,563 - GameStatus received: stage 4
2026-01-25 22:17:50,564 - GameStatus received: stage 4
2026-01-25 22:17:51,566 - GameStatus received: stage 4
2026-01-25 22:17:52,567 - GameStatus received: stage 4
2026-01-25 22:17:53,568 - GameStatus received: stage 4
2026-01-25 22:17:54,570 - GameStatus received: stage 4
2026-01-25 22:17:55,571 - GameStatus received: stage 4
2026-01-25 22:17:56,572 - GameStatus received: stage 4
2026-01-25 22:17:57,573 - GameStatus received: stage 4
2026-01-25 22:17:58,574 - GameStatus received: stage 4
2026-01-25 22:17:59,575 - GameStatus received: stage 4
2026-01-25 22:18:00,576 - GameStatus received: stage 4
2026-01-25 22:18:01,578 - GameStatus received: stage 4
2026-01-25 22:18:02,579 - GameStatus received: stage 4
2026-01-25 22:18:03,580 - GameStatus received: stage 4
2026-01-25 22:18:04,582 - GameStatus received: stage 4
2026-01-25 22:18:05,583 - GameStatus received: stage 4
2026-01-25 22:18:06,584 - GameStatus received: stage 4
2026-01-25 22:18:07,586 - GameStatus received: stage 4
2026-01-25 22:18:08,587 - GameStatus received: stage 4
2026-01-25 22:18:09,589 - GameStatus received: stage 4
2026-01-25 22:19:55,558 - Connected to MQTT server
2026-01-25 22:19:55,873 - GameStatus received: stage 4
2026-01-25 22:19:56,875 - GameStatus received: stage 4
2026-01-25 22:19:57,877 - GameStatus received: stage 4
2026-01-25 22:19:58,879 - GameStatus received: stage 4
2026-01-25 22:19:59,880 - GameStatus received: stage 4
2026-01-25 22:20:00,883 - GameStatus received: stage 4
2026-01-25 22:20:01,884 - GameStatus received: stage 4
2026-01-25 22:20:02,756 - Sent Map Target: (300.0, 500.0)
2026-01-25 22:20:02,885 - GameStatus received: stage 4
2026-01-25 22:20:03,886 - GameStatus received: stage 4
2026-01-25 22:20:04,887 - GameStatus received: stage 4
2026-01-25 22:20:05,889 - GameStatus received: stage 4
2026-01-25 22:20:06,259 - Sent Map Target: (300.0, 500.0)
2026-01-25 22:20:06,890 - GameStatus received: stage 4
2026-01-25 22:20:07,768 - Sent Map Target: (300.0, 500.0)
2026-01-25 22:20:07,891 - GameStatus received: stage 4
2026-01-25 22:20:08,138 - Sent Map Target: (300.0, 500.0)
2026-01-25 22:20:08,892 - GameStatus received: stage 4
2026-01-25 22:20:09,893 - GameStatus received: stage 4
2026-01-25 22:20:10,895 - GameStatus received: stage 4
2026-01-25 22:20:11,896 - GameStatus received: stage 4
2026-01-25 22:20:12,897 - GameStatus received: stage 4
2026-01-25 22:20:13,899 - GameStatus received: stage 4
2026-01-25 22:20:14,900 - GameStatus received: stage 4
2026-01-25 22:20:15,902 - GameStatus received: stage 4
2026-01-25 22:20:16,904 - GameStatus received: stage 4
2026-01-25 22:20:17,906 - GameStatus received: stage 4
2026-01-25 22:20:18,908 - GameStatus received: stage 4
2026-01-25 22:20:19,910 - GameStatus received: stage 4
2026-01-25 22:20:20,912 - GameStatus received: stage 4
2026-01-25 22:20:21,914 - GameStatus received: stage 4
2026-01-25 22:20:22,916 - GameStatus received: stage 4
2026-01-25 22:20:23,918 - GameStatus received: stage 4
2026-01-25 22:20:24,920 - GameStatus received: stage 4
2026-01-25 22:20:25,922 - GameStatus received: stage 4
2026-01-25 22:20:26,924 - GameStatus received: stage 4
2026-01-25 22:20:27,925 - GameStatus received: stage 4
2026-01-25 22:20:28,927 - GameStatus received: stage 4
2026-01-25 22:20:29,931 - GameStatus received: stage 4
2026-01-25 22:20:30,935 - GameStatus received: stage 4
2026-01-25 22:20:31,936 - GameStatus received: stage 4
2026-01-25 22:20:32,938 - GameStatus received: stage 4
2026-01-25 22:20:33,939 - GameStatus received: stage 4
2026-01-25 22:20:34,941 - GameStatus received: stage 4
2026-01-25 22:20:35,942 - GameStatus received: stage 4
2026-01-25 22:20:36,943 - GameStatus received: stage 4
2026-01-25 22:20:37,945 - GameStatus received: stage 4
2026-01-25 22:20:38,946 - GameStatus received: stage 4
2026-01-25 22:20:39,948 - GameStatus received: stage 4
2026-01-25 22:20:40,949 - GameStatus received: stage 4
2026-01-25 22:20:41,951 - GameStatus received: stage 4
2026-01-25 22:20:42,952 - GameStatus received: stage 4
2026-01-25 22:20:43,953 - GameStatus received: stage 4
2026-01-25 22:20:44,035 - Sent Map Target: (500.0, 300.0)
2026-01-25 22:20:44,954 - GameStatus received: stage 4
2026-01-25 22:20:45,956 - GameStatus received: stage 4
2026-01-25 22:20:46,958 - GameStatus received: stage 4
2026-01-25 22:20:47,959 - GameStatus received: stage 4
2026-01-25 22:20:48,960 - GameStatus received: stage 4
2026-01-25 22:20:49,962 - GameStatus received: stage 4
2026-01-25 22:20:50,963 - GameStatus received: stage 4
2026-01-25 22:20:51,964 - GameStatus received: stage 4
2026-01-25 22:20:52,966 - GameStatus received: stage 4
2026-01-25 22:20:53,967 - GameStatus received: stage 4
2026-01-25 22:20:54,968 - GameStatus received: stage 4
2026-01-25 22:20:55,386 - Sent RemoteControl
2026-01-25 22:20:55,970 - GameStatus received: stage 4
2026-01-25 22:20:56,972 - GameStatus received: stage 4
2026-01-25 22:20:57,749 - Sent RemoteControl
2026-01-25 22:20:57,973 - GameStatus received: stage 4
2026-01-25 22:20:58,975 - GameStatus received: stage 4
2026-01-25 22:20:59,977 - GameStatus received: stage 4
2026-01-25 22:21:00,978 - GameStatus received: stage 4
2026-01-25 22:21:01,979 - GameStatus received: stage 4
2026-01-25 22:21:02,981 - GameStatus received: stage 4
2026-01-25 22:21:03,982 - GameStatus received: stage 4
2026-01-25 22:21:04,984 - GameStatus received: stage 4
2026-01-25 22:21:05,985 - GameStatus received: stage 4
2026-01-25 22:21:06,987 - GameStatus received: stage 4
2026-01-25 22:21:07,988 - GameStatus received: stage 4
2026-01-25 22:21:08,989 - GameStatus received: stage 4
2026-01-25 22:21:09,990 - GameStatus received: stage 4
2026-01-25 22:21:10,990 - GameStatus received: stage 4
2026-01-25 22:21:11,992 - GameStatus received: stage 4
2026-01-25 22:21:12,993 - GameStatus received: stage 4
2026-01-25 22:21:13,994 - GameStatus received: stage 4
2026-01-25 22:21:14,995 - GameStatus received: stage 4
2026-01-25 22:21:15,996 - GameStatus received: stage 4
2026-01-25 22:21:16,998 - GameStatus received: stage 4
2026-01-25 22:21:17,998 - GameStatus received: stage 4
2026-01-25 22:21:19,000 - GameStatus received: stage 4
2026-01-25 22:21:20,001 - GameStatus received: stage 4
2026-01-25 22:21:21,003 - GameStatus received: stage 4
2026-01-25 22:21:22,005 - GameStatus received: stage 4
2026-01-25 22:21:23,006 - GameStatus received: stage 4
2026-01-25 22:21:24,008 - GameStatus received: stage 4
2026-01-25 22:21:25,009 - GameStatus received: stage 4
2026-01-25 22:21:26,011 - GameStatus received: stage 4
2026-01-25 22:21:27,013 - GameStatus received: stage 4
2026-01-25 22:21:27,299 - Sent Map Target: (500.0, 300.0)
2026-01-25 22:21:27,475 - Sent Map Target: (500.0, 300.0)
2026-01-25 22:21:28,015 - GameStatus received: stage 4
2026-01-25 22:21:28,073 - Sent RemoteControl
2026-01-25 22:21:28,234 - Sent RemoteControl
2026-01-25 22:21:28,387 - Sent RemoteControl
2026-01-25 22:21:29,017 - GameStatus received: stage 4
2026-01-25 22:21:30,019 - GameStatus received: stage 4
2026-01-25 22:21:31,021 - GameStatus received: stage 4
2026-01-25 22:21:32,023 - GameStatus received: stage 4
2026-01-25 22:21:33,025 - GameStatus received: stage 4
2026-01-25 22:21:34,027 - GameStatus received: stage 4
2026-01-25 22:21:35,029 - GameStatus received: stage 4
2026-01-25 22:21:36,031 - GameStatus received: stage 4
2026-01-25 22:21:37,033 - GameStatus received: stage 4
2026-01-25 22:21:38,035 - GameStatus received: stage 4
2026-01-25 22:21:39,037 - GameStatus received: stage 4
2026-01-25 22:50:47,293 - Connected to MQTT server
2026-01-25 22:50:47,631 - GameStatus received: stage 4
2026-01-25 22:50:48,631 - GameStatus received: stage 4
2026-01-25 22:50:49,633 - GameStatus received: stage 4
2026-01-25 22:50:50,634 - GameStatus received: stage 4
2026-01-25 22:50:51,636 - GameStatus received: stage 4
2026-01-25 22:50:52,638 - GameStatus received: stage 4
2026-01-25 22:50:53,643 - GameStatus received: stage 4
2026-01-25 22:50:54,647 - GameStatus received: stage 4
2026-01-25 22:50:55,651 - GameStatus received: stage 4
2026-01-25 22:50:56,653 - GameStatus received: stage 4
2026-01-25 22:50:57,654 - GameStatus received: stage 4
2026-01-25 22:50:58,656 - GameStatus received: stage 4
2026-01-25 22:50:59,358 - Disconnected, reconnecting...
2026-01-25 22:51:28,115 - Connected to MQTT server
2026-01-25 22:51:28,727 - GameStatus received: stage 4
2026-01-25 22:51:29,729 - GameStatus received: stage 4
2026-01-25 22:51:30,731 - GameStatus received: stage 4
2026-01-25 22:51:31,732 - GameStatus received: stage 4
2026-01-25 22:51:32,734 - GameStatus received: stage 4
2026-01-25 22:51:33,734 - GameStatus received: stage 4
2026-01-25 22:51:34,736 - GameStatus received: stage 4
2026-01-25 22:51:35,737 - GameStatus received: stage 4
2026-01-25 22:51:36,738 - GameStatus received: stage 4
2026-01-25 22:51:37,740 - GameStatus received: stage 4
2026-01-25 22:51:38,740 - GameStatus received: stage 4
2026-01-25 22:51:39,741 - GameStatus received: stage 4
2026-01-25 22:51:40,742 - GameStatus received: stage 4
2026-01-25 22:51:41,744 - GameStatus received: stage 4
2026-01-25 22:51:42,746 - GameStatus received: stage 4
2026-01-25 22:51:43,748 - GameStatus received: stage 4
2026-01-25 22:51:44,750 - GameStatus received: stage 4
2026-01-25 22:51:45,753 - GameStatus received: stage 4
2026-01-25 22:51:46,755 - GameStatus received: stage 4
2026-01-25 22:51:47,758 - GameStatus received: stage 4
2026-01-25 22:51:48,761 - GameStatus received: stage 4
2026-01-25 22:51:49,763 - GameStatus received: stage 4
2026-01-25 22:51:50,766 - GameStatus received: stage 4
2026-01-25 22:51:51,770 - GameStatus received: stage 4
2026-01-25 22:51:52,773 - GameStatus received: stage 4
2026-01-25 22:51:53,777 - GameStatus received: stage 4
2026-01-25 22:51:54,781 - GameStatus received: stage 4
2026-01-25 22:51:55,784 - GameStatus received: stage 4
2026-01-25 22:51:56,787 - GameStatus received: stage 4
2026-01-25 22:51:57,790 - GameStatus received: stage 4
2026-01-25 22:51:58,793 - GameStatus received: stage 4
2026-01-25 22:51:59,796 - GameStatus received: stage 4
2026-01-25 22:52:00,799 - GameStatus received: stage 4
2026-01-25 22:52:01,800 - GameStatus received: stage 4
2026-01-25 22:52:02,802 - GameStatus received: stage 4
2026-01-25 22:52:03,803 - GameStatus received: stage 4
2026-01-25 22:52:04,804 - GameStatus received: stage 4
2026-01-25 22:52:05,805 - GameStatus received: stage 4
2026-01-25 22:52:06,806 - GameStatus received: stage 4
2026-01-25 22:52:07,808 - GameStatus received: stage 4
2026-01-25 22:52:08,809 - GameStatus received: stage 4
2026-01-25 22:52:09,810 - GameStatus received: stage 4
2026-01-25 22:52:10,811 - GameStatus received: stage 4
2026-01-25 22:52:11,811 - GameStatus received: stage 4
2026-01-25 22:52:12,813 - GameStatus received: stage 4
2026-01-25 22:52:13,815 - GameStatus received: stage 4
2026-01-25 22:52:14,818 - GameStatus received: stage 4
2026-01-25 22:52:15,820 - GameStatus received: stage 4
2026-01-25 22:52:16,822 - GameStatus received: stage 4
2026-01-25 22:52:17,824 - GameStatus received: stage 4
2026-01-25 22:52:18,827 - GameStatus received: stage 4
2026-01-25 22:52:19,830 - GameStatus received: stage 4
2026-01-25 22:52:20,833 - GameStatus received: stage 4
2026-01-25 22:52:21,836 - GameStatus received: stage 4
2026-01-25 22:52:22,839 - GameStatus received: stage 4
2026-01-25 22:52:23,842 - GameStatus received: stage 4
2026-01-25 22:52:24,845 - GameStatus received: stage 4
2026-01-25 22:52:25,848 - GameStatus received: stage 4
2026-01-25 22:52:26,852 - GameStatus received: stage 4
2026-01-25 22:52:27,856 - GameStatus received: stage 4
2026-01-25 22:52:28,859 - GameStatus received: stage 4
2026-01-25 22:52:29,862 - GameStatus received: stage 4
2026-01-25 22:52:30,865 - GameStatus received: stage 4
2026-01-25 22:52:31,868 - GameStatus received: stage 4
2026-01-25 22:52:32,874 - GameStatus received: stage 4
2026-01-25 22:52:33,877 - GameStatus received: stage 4
2026-01-25 22:52:34,878 - GameStatus received: stage 4
2026-01-25 22:52:35,879 - GameStatus received: stage 4
2026-01-25 22:52:36,880 - GameStatus received: stage 4
2026-01-25 22:52:37,882 - GameStatus received: stage 4
2026-01-25 22:52:38,883 - GameStatus received: stage 4
2026-01-25 22:52:39,885 - GameStatus received: stage 4
2026-01-25 22:52:40,886 - GameStatus received: stage 4
2026-01-25 22:52:41,888 - GameStatus received: stage 4
2026-01-25 22:52:42,888 - GameStatus received: stage 4
2026-01-25 22:52:43,890 - GameStatus received: stage 4
2026-01-25 22:52:44,891 - GameStatus received: stage 4
2026-01-25 22:52:45,893 - GameStatus received: stage 4
2026-01-25 22:52:46,895 - GameStatus received: stage 4
2026-01-25 22:52:47,897 - GameStatus received: stage 4
2026-01-25 22:52:48,899 - GameStatus received: stage 4
2026-01-25 22:52:49,901 - GameStatus received: stage 4
2026-01-25 22:52:50,904 - GameStatus received: stage 4
2026-01-25 22:52:51,906 - GameStatus received: stage 4
2026-01-25 22:52:52,909 - GameStatus received: stage 4
2026-01-25 22:52:53,912 - GameStatus received: stage 4
2026-01-25 22:52:54,915 - GameStatus received: stage 4
2026-01-25 22:54:39,014 - Connected to MQTT server
2026-01-25 22:54:39,129 - GameStatus received: stage 4
2026-01-25 22:54:40,131 - GameStatus received: stage 4
2026-01-25 22:54:41,134 - GameStatus received: stage 4
2026-01-25 22:54:42,138 - GameStatus received: stage 4
2026-01-25 22:54:43,142 - GameStatus received: stage 4
2026-01-25 22:54:44,143 - GameStatus received: stage 4
2026-01-25 22:54:45,147 - GameStatus received: stage 4
2026-01-25 22:54:46,150 - GameStatus received: stage 4
2026-01-25 22:54:47,153 - GameStatus received: stage 4
2026-01-25 22:54:48,155 - GameStatus received: stage 4
2026-01-25 22:54:49,158 - GameStatus received: stage 4
2026-01-25 22:54:50,162 - GameStatus received: stage 4
2026-01-25 22:54:51,165 - GameStatus received: stage 4
2026-01-25 22:54:52,167 - GameStatus received: stage 4
2026-01-25 22:57:06,934 - Connected to MQTT server
2026-01-25 22:57:07,443 - GameStatus received: stage 4
2026-01-25 22:57:08,445 - GameStatus received: stage 4
2026-01-25 22:57:09,448 - GameStatus received: stage 4
2026-01-25 22:57:10,451 - GameStatus received: stage 4
2026-01-25 22:57:11,455 - GameStatus received: stage 4
2026-01-25 22:57:12,458 - GameStatus received: stage 4
2026-01-25 22:57:13,462 - GameStatus received: stage 4
2026-01-25 22:57:14,466 - GameStatus received: stage 4
2026-01-25 22:57:15,470 - GameStatus received: stage 4
2026-01-25 22:57:16,474 - GameStatus received: stage 4
2026-01-25 22:57:17,477 - GameStatus received: stage 4
2026-01-25 22:57:18,480 - GameStatus received: stage 4
2026-01-25 22:57:19,482 - GameStatus received: stage 4
2026-01-25 22:57:20,484 - GameStatus received: stage 4
2026-01-25 22:57:21,487 - GameStatus received: stage 4
2026-01-25 22:57:22,491 - GameStatus received: stage 4
2026-01-25 22:57:23,492 - GameStatus received: stage 4
2026-01-25 22:57:24,494 - GameStatus received: stage 4
2026-01-25 22:57:25,495 - GameStatus received: stage 4
2026-01-26 11:05:57,914 - INFO - MQTT connected
2026-01-26 11:05:58,851 - INFO - GameStatus updated
2026-01-26 11:05:59,852 - INFO - GameStatus updated
2026-01-26 11:06:00,854 - INFO - GameStatus updated
2026-01-26 11:06:01,855 - INFO - GameStatus updated
2026-01-26 11:06:02,856 - INFO - GameStatus updated
2026-01-26 11:06:03,858 - INFO - GameStatus updated
2026-01-26 11:06:04,859 - INFO - GameStatus updated
2026-01-26 11:06:05,861 - INFO - GameStatus updated
2026-01-26 11:06:06,863 - INFO - GameStatus updated
2026-01-26 11:06:07,864 - INFO - GameStatus updated
2026-01-26 11:06:08,865 - INFO - GameStatus updated
2026-01-26 11:06:09,866 - INFO - GameStatus updated
2026-01-26 11:06:10,868 - INFO - GameStatus updated
2026-01-26 11:06:11,869 - INFO - GameStatus updated
2026-01-26 11:06:12,871 - INFO - GameStatus updated
2026-01-26 11:06:13,873 - INFO - GameStatus updated
2026-01-26 11:06:14,874 - INFO - GameStatus updated
2026-01-26 11:06:15,875 - INFO - GameStatus updated
2026-01-26 11:06:16,876 - INFO - GameStatus updated
2026-01-26 11:06:17,877 - INFO - GameStatus updated
2026-01-26 11:06:18,879 - INFO - GameStatus updated
2026-01-26 11:06:19,881 - INFO - GameStatus updated
2026-01-26 11:06:20,882 - INFO - GameStatus updated
2026-01-26 11:08:09,527 - Connected to MQTT
2026-01-26 11:08:10,035 - GameStatus received
2026-01-26 11:08:11,036 - GameStatus received
2026-01-26 11:08:12,038 - GameStatus received
2026-01-26 11:08:13,039 - GameStatus received
2026-01-26 11:08:14,041 - GameStatus received
2026-01-26 11:08:15,043 - GameStatus received
2026-01-26 11:08:16,044 - GameStatus received
2026-01-26 11:09:10,285 - Connected to MQTT server
2026-01-26 11:09:11,119 - GameStatus received: stage 4
2026-01-26 11:09:12,121 - GameStatus received: stage 4
2026-01-26 11:09:13,122 - GameStatus received: stage 4
2026-01-26 11:09:14,124 - GameStatus received: stage 4
2026-01-26 11:09:15,126 - GameStatus received: stage 4
2026-01-26 11:09:16,127 - GameStatus received: stage 4
2026-01-26 11:09:17,129 - GameStatus received: stage 4
2026-01-26 11:09:18,130 - GameStatus received: stage 4
2026-01-26 11:09:19,131 - GameStatus received: stage 4
2026-01-26 11:09:20,133 - GameStatus received: stage 4
2026-01-26 11:09:21,134 - GameStatus received: stage 4
2026-01-26 11:09:22,135 - GameStatus received: stage 4
2026-01-26 11:09:22,421 - Disconnected, reconnecting...
2026-01-26 11:20:54,599 - Connected to MQTT
2026-01-26 11:20:54,690 - GameStatus received
2026-01-26 11:20:55,670 - GameStatus received
2026-01-26 11:20:56,672 - GameStatus received
2026-01-26 11:20:57,673 - GameStatus received
2026-01-26 11:20:58,674 - GameStatus received
2026-01-26 11:20:59,676 - GameStatus received
2026-01-26 11:21:00,677 - GameStatus received
2026-01-26 11:21:01,679 - GameStatus received
2026-01-26 11:21:02,680 - GameStatus received
2026-01-26 11:21:03,682 - GameStatus received
2026-01-26 11:21:04,683 - GameStatus received
2026-01-26 11:21:05,684 - GameStatus received
2026-01-26 11:21:06,686 - GameStatus received
2026-01-26 11:21:07,687 - GameStatus received
2026-01-26 11:21:08,688 - GameStatus received
2026-01-26 11:21:09,690 - GameStatus received
2026-01-26 11:21:10,691 - GameStatus received
2026-01-26 11:21:11,692 - GameStatus received
2026-01-26 11:21:12,694 - GameStatus received
2026-01-26 11:21:13,696 - GameStatus received
2026-01-26 11:21:14,697 - GameStatus received
2026-01-26 11:21:15,698 - GameStatus received
2026-01-26 11:21:16,699 - GameStatus received
2026-01-26 11:21:17,701 - GameStatus received
2026-01-26 11:21:18,703 - GameStatus received
2026-01-26 11:21:19,704 - GameStatus received
2026-01-26 11:21:20,706 - GameStatus received
2026-01-26 11:21:21,708 - GameStatus received
2026-01-26 11:21:22,709 - GameStatus received
2026-01-26 11:21:23,711 - GameStatus received
2026-01-26 11:21:24,712 - GameStatus received
2026-01-26 11:26:30,809 - Connected to MQTT server
2026-01-26 11:26:31,275 - GameStatus received: stage 4
2026-01-26 11:26:32,277 - GameStatus received: stage 4
2026-01-26 11:26:33,277 - GameStatus received: stage 4
2026-01-26 11:26:34,279 - GameStatus received: stage 4
2026-01-26 11:26:35,280 - GameStatus received: stage 4
2026-01-26 11:26:36,282 - GameStatus received: stage 4
2026-01-26 11:26:37,283 - GameStatus received: stage 4
2026-01-26 11:26:38,285 - GameStatus received: stage 4
2026-01-26 11:26:39,286 - GameStatus received: stage 4
2026-01-26 11:26:40,287 - GameStatus received: stage 4
2026-01-26 11:26:41,289 - GameStatus received: stage 4
2026-01-26 11:26:42,290 - GameStatus received: stage 4
2026-01-26 11:26:43,292 - GameStatus received: stage 4
2026-01-26 11:26:44,293 - GameStatus received: stage 4
2026-01-26 11:26:45,295 - GameStatus received: stage 4
2026-01-26 11:26:46,296 - GameStatus received: stage 4
2026-01-26 11:26:47,298 - GameStatus received: stage 4
2026-01-26 11:26:48,299 - GameStatus received: stage 4
2026-01-26 11:26:49,300 - GameStatus received: stage 4
2026-01-26 11:26:50,302 - GameStatus received: stage 4
2026-01-26 11:26:51,304 - GameStatus received: stage 4
2026-01-26 11:26:52,305 - GameStatus received: stage 4
2026-01-26 11:26:53,306 - GameStatus received: stage 4
2026-01-26 11:26:54,308 - GameStatus received: stage 4
2026-01-26 11:26:55,310 - GameStatus received: stage 4
2026-01-26 11:26:55,882 - Disconnected, reconnecting...
2026-01-26 11:30:01,363 - Connected to MQTT server
2026-01-26 11:30:01,975 - GameStatus received: stage 4
2026-01-26 11:30:02,976 - GameStatus received: stage 4
2026-01-26 11:30:03,978 - GameStatus received: stage 4
2026-01-26 11:30:04,979 - GameStatus received: stage 4
2026-01-26 11:30:05,981 - GameStatus received: stage 4
2026-01-26 11:30:06,982 - GameStatus received: stage 4
2026-01-26 11:30:07,983 - GameStatus received: stage 4
2026-01-26 11:30:08,985 - GameStatus received: stage 4
2026-01-26 11:30:09,986 - GameStatus received: stage 4
2026-01-26 11:30:10,988 - GameStatus received: stage 4
2026-01-26 11:30:11,989 - GameStatus received: stage 4
2026-01-26 11:30:12,990 - GameStatus received: stage 4
2026-01-26 11:30:13,992 - GameStatus received: stage 4
2026-01-26 11:30:14,994 - GameStatus received: stage 4
2026-01-26 11:30:15,995 - GameStatus received: stage 4
2026-01-26 11:30:16,416 - Disconnected, reconnecting...
2026-01-26 11:30:44,549 - Connected to MQTT server
2026-01-26 11:30:45,035 - GameStatus received: stage 4
2026-01-26 11:30:46,036 - GameStatus received: stage 4
2026-01-26 11:30:47,037 - GameStatus received: stage 4
2026-01-26 11:30:48,038 - GameStatus received: stage 4
2026-01-26 11:30:49,039 - GameStatus received: stage 4
2026-01-26 11:30:50,040 - GameStatus received: stage 4
2026-01-26 11:30:51,042 - GameStatus received: stage 4
2026-01-26 11:30:52,042 - GameStatus received: stage 4
2026-01-26 11:30:53,044 - GameStatus received: stage 4
2026-01-26 11:30:54,045 - GameStatus received: stage 4
2026-01-26 11:30:55,046 - GameStatus received: stage 4
2026-01-26 11:30:56,047 - GameStatus received: stage 4
2026-01-26 11:30:57,048 - GameStatus received: stage 4
2026-01-26 11:30:58,049 - GameStatus received: stage 4
2026-01-26 11:30:59,050 - GameStatus received: stage 4
2026-01-26 11:31:00,051 - GameStatus received: stage 4
2026-01-26 11:31:01,052 - GameStatus received: stage 4
2026-01-26 11:31:02,053 - GameStatus received: stage 4
2026-01-26 11:31:03,054 - GameStatus received: stage 4
2026-01-26 11:31:04,055 - GameStatus received: stage 4
2026-01-26 11:31:05,056 - GameStatus received: stage 4
2026-01-26 11:31:06,060 - GameStatus received: stage 4
2026-01-26 11:31:07,066 - GameStatus received: stage 4
2026-01-26 11:31:08,067 - GameStatus received: stage 4
2026-01-26 11:31:09,068 - GameStatus received: stage 4
2026-01-26 11:31:10,069 - GameStatus received: stage 4
2026-01-26 11:31:11,071 - GameStatus received: stage 4
2026-01-26 11:34:02,762 - Connected to MQTT server
2026-01-26 11:34:03,322 - GameStatus received: stage 4
2026-01-26 11:34:04,323 - GameStatus received: stage 4
2026-01-26 11:34:05,324 - GameStatus received: stage 4
2026-01-26 11:34:06,326 - GameStatus received: stage 4
2026-01-26 11:34:07,327 - GameStatus received: stage 4
2026-01-26 11:34:08,328 - GameStatus received: stage 4
2026-01-26 11:34:09,329 - GameStatus received: stage 4
2026-01-26 11:34:10,331 - GameStatus received: stage 4
2026-01-26 11:34:11,332 - GameStatus received: stage 4
2026-01-26 11:34:12,334 - GameStatus received: stage 4
2026-01-26 11:34:13,336 - GameStatus received: stage 4
2026-01-26 11:34:14,337 - GameStatus received: stage 4
2026-01-26 11:34:15,339 - GameStatus received: stage 4
2026-01-26 11:34:16,340 - GameStatus received: stage 4
2026-01-26 11:34:17,342 - GameStatus received: stage 4
2026-01-26 11:34:18,343 - GameStatus received: stage 4
2026-01-26 11:34:19,344 - GameStatus received: stage 4
2026-01-26 11:34:20,346 - GameStatus received: stage 4
2026-01-26 11:34:21,347 - GameStatus received: stage 4
2026-01-26 11:34:22,349 - GameStatus received: stage 4
2026-01-26 11:34:23,351 - GameStatus received: stage 4
2026-01-26 11:34:24,352 - GameStatus received: stage 4
2026-01-26 11:34:25,354 - GameStatus received: stage 4
2026-01-26 11:34:26,355 - GameStatus received: stage 4
2026-01-26 11:34:27,357 - GameStatus received: stage 4
2026-01-26 11:34:28,358 - GameStatus received: stage 4
2026-01-26 11:34:29,360 - GameStatus received: stage 4
2026-01-26 11:36:37,347 - Connected to MQTT server
2026-01-26 11:36:37,535 - GameStatus received: stage 4
2026-01-26 11:36:38,536 - GameStatus received: stage 4
2026-01-26 11:36:39,538 - GameStatus received: stage 4
2026-01-26 11:36:40,539 - GameStatus received: stage 4
2026-01-26 11:36:41,541 - GameStatus received: stage 4
2026-01-26 11:36:42,542 - GameStatus received: stage 4
2026-01-26 11:36:43,544 - GameStatus received: stage 4
2026-01-26 11:36:44,545 - GameStatus received: stage 4
2026-01-26 11:36:45,546 - GameStatus received: stage 4
2026-01-26 11:36:46,548 - GameStatus received: stage 4
2026-01-26 11:36:47,549 - GameStatus received: stage 4
2026-01-26 11:36:48,550 - GameStatus received: stage 4
2026-01-26 11:36:49,552 - GameStatus received: stage 4
2026-01-26 11:36:50,554 - GameStatus received: stage 4
2026-01-26 11:36:51,555 - GameStatus received: stage 4
2026-01-26 11:36:52,556 - GameStatus received: stage 4
2026-01-26 11:36:53,558 - GameStatus received: stage 4
2026-01-26 11:36:54,559 - GameStatus received: stage 4
2026-01-26 11:36:55,561 - GameStatus received: stage 4
2026-01-26 11:36:56,562 - GameStatus received: stage 4
2026-01-26 11:36:57,564 - GameStatus received: stage 4
2026-01-26 11:36:58,565 - GameStatus received: stage 4
2026-01-26 11:36:59,566 - GameStatus received: stage 4
2026-01-26 11:37:00,568 - GameStatus received: stage 4
2026-01-26 11:37:01,569 - GameStatus received: stage 4
2026-01-26 11:37:02,571 - GameStatus received: stage 4
2026-01-26 11:39:05,105 - Connected to MQTT server
2026-01-26 11:39:05,741 - GameStatus received: stage 4
2026-01-26 11:39:06,742 - GameStatus received: stage 4
2026-01-26 11:39:07,743 - GameStatus received: stage 4
2026-01-26 11:39:08,745 - GameStatus received: stage 4
2026-01-26 11:39:09,746 - GameStatus received: stage 4
2026-01-26 11:39:10,748 - GameStatus received: stage 4
2026-01-26 11:39:11,749 - GameStatus received: stage 4
2026-01-26 11:39:12,750 - GameStatus received: stage 4
2026-01-26 11:39:13,752 - GameStatus received: stage 4
2026-01-26 11:39:14,753 - GameStatus received: stage 4
2026-01-26 11:39:15,755 - GameStatus received: stage 4
2026-01-26 11:39:16,756 - GameStatus received: stage 4
2026-01-26 11:39:17,757 - GameStatus received: stage 4
2026-01-26 11:39:18,758 - GameStatus received: stage 4
2026-01-26 11:39:19,760 - GameStatus received: stage 4
2026-01-26 11:39:20,761 - GameStatus received: stage 4
2026-01-26 11:39:21,763 - GameStatus received: stage 4
2026-01-26 11:39:22,764 - GameStatus received: stage 4
2026-01-26 11:39:23,766 - GameStatus received: stage 4
2026-01-26 11:43:45,303 - Connected to MQTT server
2026-01-26 11:43:46,147 - GameStatus received: stage 4
2026-01-26 11:43:47,149 - GameStatus received: stage 4
2026-01-26 11:43:48,150 - GameStatus received: stage 4
2026-01-26 11:43:49,152 - GameStatus received: stage 4
2026-01-26 11:43:50,153 - GameStatus received: stage 4
2026-01-26 11:43:51,154 - GameStatus received: stage 4
2026-01-26 11:43:52,156 - GameStatus received: stage 4
2026-01-26 11:43:53,157 - GameStatus received: stage 4
2026-01-26 11:43:54,159 - GameStatus received: stage 4
2026-01-26 11:43:55,160 - GameStatus received: stage 4
2026-01-26 11:43:56,162 - GameStatus received: stage 4
2026-01-26 11:43:57,163 - GameStatus received: stage 4
2026-01-26 11:43:58,165 - GameStatus received: stage 4
2026-01-26 11:43:59,166 - GameStatus received: stage 4
2026-01-26 11:44:00,168 - GameStatus received: stage 4
2026-01-26 11:44:01,169 - GameStatus received: stage 4
2026-01-26 11:44:01,699 - Disconnected, reconnecting...
2026-01-26 11:46:26,042 - Connected to MQTT server
2026-01-26 11:46:26,372 - GameStatus received: stage 4
2026-01-26 11:46:27,373 - GameStatus received: stage 4
2026-01-26 11:46:28,375 - GameStatus received: stage 4
2026-01-26 11:46:29,377 - GameStatus received: stage 4
2026-01-26 11:46:30,378 - GameStatus received: stage 4
2026-01-26 11:46:31,380 - GameStatus received: stage 4
2026-01-26 11:46:32,381 - GameStatus received: stage 4
2026-01-26 11:46:33,383 - GameStatus received: stage 4
2026-01-26 11:46:34,384 - GameStatus received: stage 4
2026-01-26 11:46:35,386 - GameStatus received: stage 4
2026-01-26 11:46:36,387 - GameStatus received: stage 4
2026-01-26 11:46:37,388 - GameStatus received: stage 4
2026-01-26 11:46:38,389 - GameStatus received: stage 4
2026-01-26 11:46:39,391 - GameStatus received: stage 4
2026-01-26 11:46:40,392 - GameStatus received: stage 4
2026-01-26 11:46:41,394 - GameStatus received: stage 4
2026-01-26 11:46:42,395 - GameStatus received: stage 4
2026-01-26 11:46:43,397 - GameStatus received: stage 4
2026-01-26 11:46:44,398 - GameStatus received: stage 4
2026-01-26 11:46:45,400 - GameStatus received: stage 4
2026-01-26 11:46:46,401 - GameStatus received: stage 4
2026-01-26 11:46:47,403 - GameStatus received: stage 4
2026-01-26 11:46:48,404 - GameStatus received: stage 4
2026-01-26 11:46:49,405 - GameStatus received: stage 4
2026-01-26 11:46:50,407 - GameStatus received: stage 4
2026-01-26 11:46:51,408 - GameStatus received: stage 4
2026-01-26 11:46:52,410 - GameStatus received: stage 4
2026-01-26 11:46:53,411 - GameStatus received: stage 4
2026-01-26 11:46:54,413 - GameStatus received: stage 4
2026-01-26 11:46:55,414 - GameStatus received: stage 4
2026-01-26 11:46:56,415 - GameStatus received: stage 4
2026-01-26 11:46:57,416 - GameStatus received: stage 4
2026-01-26 11:46:58,418 - GameStatus received: stage 4
2026-01-26 11:46:59,419 - GameStatus received: stage 4
2026-01-26 11:47:00,421 - GameStatus received: stage 4
2026-01-26 11:47:01,422 - GameStatus received: stage 4
2026-01-26 11:47:02,424 - GameStatus received: stage 4
2026-01-26 11:47:03,425 - GameStatus received: stage 4
2026-01-26 11:47:04,426 - GameStatus received: stage 4
2026-01-26 11:47:05,427 - GameStatus received: stage 4
2026-01-26 11:47:06,429 - GameStatus received: stage 4
2026-01-26 11:47:07,431 - GameStatus received: stage 4
2026-01-26 11:47:08,432 - GameStatus received: stage 4
2026-01-26 11:47:09,434 - GameStatus received: stage 4
2026-01-26 11:47:10,435 - GameStatus received: stage 4
2026-01-26 11:47:11,437 - GameStatus received: stage 4
2026-01-26 11:47:12,438 - GameStatus received: stage 4
2026-01-26 11:47:13,440 - GameStatus received: stage 4
2026-01-26 11:47:14,441 - GameStatus received: stage 4
2026-01-26 11:47:15,442 - GameStatus received: stage 4
2026-01-26 11:47:16,444 - GameStatus received: stage 4
2026-01-26 11:47:17,446 - GameStatus received: stage 4
2026-01-26 11:47:18,447 - GameStatus received: stage 4
2026-01-26 11:47:19,448 - GameStatus received: stage 4
2026-01-26 11:47:20,449 - GameStatus received: stage 4
2026-01-26 11:47:21,450 - GameStatus received: stage 4
2026-01-26 11:47:22,452 - GameStatus received: stage 4
2026-01-26 11:47:23,454 - GameStatus received: stage 4
2026-01-26 11:47:24,455 - GameStatus received: stage 4
2026-01-26 11:47:25,456 - GameStatus received: stage 4
2026-01-26 11:47:26,458 - GameStatus received: stage 4
2026-01-26 11:47:27,459 - GameStatus received: stage 4
2026-01-26 11:47:28,461 - GameStatus received: stage 4
2026-01-26 11:47:29,462 - GameStatus received: stage 4
2026-01-26 11:47:30,464 - GameStatus received: stage 4
2026-01-26 11:47:31,465 - GameStatus received: stage 4
2026-01-26 11:47:32,467 - GameStatus received: stage 4
2026-01-26 11:47:33,469 - GameStatus received: stage 4
2026-01-26 11:47:34,470 - GameStatus received: stage 4
2026-01-26 11:47:35,471 - GameStatus received: stage 4
2026-01-26 11:47:36,472 - GameStatus received: stage 4
2026-01-26 11:47:37,474 - GameStatus received: stage 4
2026-01-26 11:47:38,475 - GameStatus received: stage 4
2026-01-26 11:47:39,476 - GameStatus received: stage 4
2026-01-26 11:47:40,478 - GameStatus received: stage 4
2026-01-26 11:47:41,479 - GameStatus received: stage 4
2026-01-26 11:47:42,480 - GameStatus received: stage 4
2026-01-26 11:47:43,481 - GameStatus received: stage 4
2026-01-26 11:47:44,483 - GameStatus received: stage 4
2026-01-26 11:47:45,484 - GameStatus received: stage 4
2026-01-26 11:47:46,485 - GameStatus received: stage 4
2026-01-26 11:47:47,486 - GameStatus received: stage 4
2026-01-26 11:47:48,488 - GameStatus received: stage 4
2026-01-26 11:47:49,489 - GameStatus received: stage 4
2026-01-26 11:47:50,490 - GameStatus received: stage 4
2026-01-26 11:47:51,491 - GameStatus received: stage 4
2026-01-26 11:47:52,493 - GameStatus received: stage 4
2026-01-26 11:47:53,494 - GameStatus received: stage 4
2026-01-26 11:47:54,495 - GameStatus received: stage 4
2026-01-26 11:47:55,496 - GameStatus received: stage 4
2026-01-26 11:47:56,498 - GameStatus received: stage 4
2026-01-26 11:47:57,499 - GameStatus received: stage 4
2026-01-26 11:47:58,500 - GameStatus received: stage 4
2026-01-26 11:47:59,501 - GameStatus received: stage 4
2026-01-26 11:48:00,502 - GameStatus received: stage 4
2026-01-26 11:48:01,504 - GameStatus received: stage 4
2026-01-26 11:48:02,505 - GameStatus received: stage 4
2026-01-26 11:48:03,506 - GameStatus received: stage 4
2026-01-26 11:48:04,507 - GameStatus received: stage 4
2026-01-26 11:48:05,509 - GameStatus received: stage 4
2026-01-26 11:48:06,510 - GameStatus received: stage 4
2026-01-26 11:48:07,511 - GameStatus received: stage 4
2026-01-26 11:48:08,512 - GameStatus received: stage 4
2026-01-26 11:48:09,513 - GameStatus received: stage 4
2026-01-26 11:48:10,515 - GameStatus received: stage 4
2026-01-26 11:48:11,516 - GameStatus received: stage 4
2026-01-26 11:48:12,517 - GameStatus received: stage 4
2026-01-26 11:48:13,518 - GameStatus received: stage 4
2026-01-26 11:48:14,520 - GameStatus received: stage 4
2026-01-26 11:48:15,521 - GameStatus received: stage 4
2026-01-26 11:48:16,522 - GameStatus received: stage 4
2026-01-26 11:48:17,523 - GameStatus received: stage 4
2026-01-26 11:48:18,525 - GameStatus received: stage 4
2026-01-26 11:48:19,526 - GameStatus received: stage 4
2026-01-26 11:48:20,102 - Disconnected, reconnecting...
2026-01-26 11:49:12,971 - Connected to MQTT server
2026-01-26 11:49:13,604 - GameStatus received: stage 4
2026-01-26 11:49:14,605 - GameStatus received: stage 4
2026-01-26 11:49:15,607 - GameStatus received: stage 4
2026-01-26 11:49:16,608 - GameStatus received: stage 4
2026-01-26 11:49:17,610 - GameStatus received: stage 4
2026-01-26 11:49:18,611 - GameStatus received: stage 4
2026-01-26 11:49:19,613 - GameStatus received: stage 4
2026-01-26 11:49:20,614 - GameStatus received: stage 4
2026-01-26 11:49:21,616 - GameStatus received: stage 4
2026-01-26 11:49:22,617 - GameStatus received: stage 4
2026-01-26 11:49:23,618 - GameStatus received: stage 4
2026-01-26 11:49:24,620 - GameStatus received: stage 4
2026-01-26 11:49:25,621 - GameStatus received: stage 4
2026-01-26 11:49:26,623 - GameStatus received: stage 4
2026-01-26 11:49:27,624 - GameStatus received: stage 4
2026-01-26 11:49:28,625 - GameStatus received: stage 4
2026-01-26 11:49:29,627 - GameStatus received: stage 4
2026-01-26 11:49:30,628 - GameStatus received: stage 4
2026-01-26 11:58:24,257 - Connected to MQTT server
2026-01-26 11:58:24,381 - GameStatus received: stage 4
2026-01-26 11:58:25,382 - GameStatus received: stage 4
2026-01-26 11:58:26,384 - GameStatus received: stage 4
2026-01-26 11:58:27,385 - GameStatus received: stage 4
2026-01-26 11:58:28,386 - GameStatus received: stage 4
2026-01-26 11:58:29,388 - GameStatus received: stage 4
2026-01-26 11:58:30,389 - GameStatus received: stage 4
2026-01-26 11:58:31,391 - GameStatus received: stage 4
2026-01-26 11:58:32,392 - GameStatus received: stage 4
2026-01-26 11:58:33,394 - GameStatus received: stage 4
2026-01-26 11:58:34,395 - GameStatus received: stage 4
2026-01-26 11:58:35,396 - GameStatus received: stage 4
2026-01-26 11:58:36,398 - GameStatus received: stage 4
2026-01-26 11:58:37,399 - GameStatus received: stage 4
2026-01-26 11:58:38,400 - GameStatus received: stage 4
2026-01-26 11:58:39,402 - GameStatus received: stage 4
2026-01-26 11:58:40,404 - GameStatus received: stage 4
2026-01-26 11:58:41,405 - GameStatus received: stage 4
2026-01-26 11:58:42,407 - GameStatus received: stage 4
2026-01-26 11:58:43,408 - GameStatus received: stage 4
2026-01-26 11:58:44,410 - GameStatus received: stage 4
2026-01-26 11:58:45,411 - GameStatus received: stage 4
2026-01-26 11:58:46,414 - GameStatus received: stage 4
2026-01-26 11:58:47,415 - GameStatus received: stage 4
2026-01-26 11:58:48,416 - GameStatus received: stage 4
2026-01-26 11:58:49,418 - GameStatus received: stage 4
2026-01-26 11:58:50,420 - GameStatus received: stage 4
2026-01-26 11:58:51,421 - GameStatus received: stage 4
2026-01-26 11:58:52,423 - GameStatus received: stage 4
2026-01-26 11:58:53,424 - GameStatus received: stage 4
2026-01-26 11:58:54,426 - GameStatus received: stage 4
2026-01-26 11:58:55,426 - GameStatus received: stage 4
2026-01-26 11:58:56,428 - GameStatus received: stage 4
2026-01-26 11:58:57,429 - GameStatus received: stage 4
2026-01-26 11:58:58,431 - GameStatus received: stage 4
2026-01-26 11:58:59,432 - GameStatus received: stage 4
2026-01-26 11:59:00,434 - GameStatus received: stage 4
2026-01-26 11:59:13,999 - Connected to MQTT server
2026-01-26 11:59:14,454 - GameStatus received: stage 4
2026-01-26 11:59:15,455 - GameStatus received: stage 4
2026-01-26 11:59:16,456 - GameStatus received: stage 4
2026-01-26 11:59:17,457 - GameStatus received: stage 4
2026-01-26 11:59:18,459 - GameStatus received: stage 4
2026-01-26 11:59:19,460 - GameStatus received: stage 4
2026-01-26 11:59:20,462 - GameStatus received: stage 4
2026-01-26 11:59:21,463 - GameStatus received: stage 4
2026-01-26 11:59:22,465 - GameStatus received: stage 4
2026-01-26 11:59:23,466 - GameStatus received: stage 4
2026-01-26 11:59:24,468 - GameStatus received: stage 4
2026-01-26 11:59:25,470 - GameStatus received: stage 4
2026-01-26 11:59:26,471 - GameStatus received: stage 4
2026-01-26 11:59:27,472 - GameStatus received: stage 4
2026-01-26 11:59:28,474 - GameStatus received: stage 4
2026-01-26 11:59:29,475 - GameStatus received: stage 4
2026-01-26 11:59:30,477 - GameStatus received: stage 4
2026-01-26 11:59:31,478 - GameStatus received: stage 4
2026-01-26 11:59:32,479 - GameStatus received: stage 4
2026-01-26 11:59:33,481 - GameStatus received: stage 4
2026-01-26 11:59:34,483 - GameStatus received: stage 4
2026-01-26 11:59:35,484 - GameStatus received: stage 4
2026-01-26 11:59:36,485 - GameStatus received: stage 4
2026-01-26 11:59:37,485 - GameStatus received: stage 4
2026-01-26 11:59:38,487 - GameStatus received: stage 4
2026-01-26 11:59:39,488 - GameStatus received: stage 4
2026-01-26 11:59:40,490 - GameStatus received: stage 4
2026-01-26 11:59:41,491 - GameStatus received: stage 4
2026-01-26 11:59:42,493 - GameStatus received: stage 4
2026-01-26 11:59:43,494 - GameStatus received: stage 4
2026-01-26 11:59:44,495 - GameStatus received: stage 4
2026-01-26 11:59:45,496 - GameStatus received: stage 4
2026-01-26 11:59:46,497 - GameStatus received: stage 4
2026-01-26 11:59:47,499 - GameStatus received: stage 4
2026-01-26 11:59:48,500 - GameStatus received: stage 4
2026-01-26 11:59:49,501 - GameStatus received: stage 4
2026-01-26 11:59:50,502 - GameStatus received: stage 4
2026-01-26 11:59:51,503 - GameStatus received: stage 4
2026-01-26 11:59:52,505 - GameStatus received: stage 4
2026-01-26 11:59:53,506 - GameStatus received: stage 4
2026-01-26 11:59:54,507 - GameStatus received: stage 4
2026-01-26 11:59:55,508 - GameStatus received: stage 4
2026-01-26 11:59:56,510 - GameStatus received: stage 4
2026-01-26 11:59:57,511 - GameStatus received: stage 4
2026-01-26 11:59:58,512 - GameStatus received: stage 4
2026-01-26 11:59:59,513 - GameStatus received: stage 4
2026-01-26 12:00:00,515 - GameStatus received: stage 4
2026-01-26 12:00:01,516 - GameStatus received: stage 4
2026-01-26 12:00:02,517 - GameStatus received: stage 4
2026-01-26 12:00:03,519 - GameStatus received: stage 4
2026-01-26 12:00:04,520 - GameStatus received: stage 4
2026-01-26 12:00:05,521 - GameStatus received: stage 4
2026-01-26 12:00:06,522 - GameStatus received: stage 4
2026-01-26 12:02:18,849 - Connected to MQTT server
2026-01-26 12:02:19,708 - GameStatus received: stage 4
2026-01-26 12:02:20,710 - GameStatus received: stage 4
2026-01-26 12:02:21,711 - GameStatus received: stage 4
2026-01-26 12:02:22,713 - GameStatus received: stage 4
2026-01-26 12:02:23,714 - GameStatus received: stage 4
2026-01-26 12:02:24,715 - GameStatus received: stage 4
2026-01-26 12:02:25,716 - GameStatus received: stage 4
2026-01-26 12:02:26,718 - GameStatus received: stage 4
2026-01-26 12:02:27,720 - GameStatus received: stage 4
2026-01-26 12:02:28,721 - GameStatus received: stage 4
2026-01-26 12:04:24,216 - Connected to MQTT server
2026-01-26 12:04:24,882 - GameStatus received: stage 4
2026-01-26 12:04:25,883 - GameStatus received: stage 4
2026-01-26 12:04:26,885 - GameStatus received: stage 4
2026-01-26 12:04:27,886 - GameStatus received: stage 4
2026-01-26 12:04:28,888 - GameStatus received: stage 4
2026-01-26 12:04:29,889 - GameStatus received: stage 4
2026-01-26 12:04:30,890 - GameStatus received: stage 4
2026-01-26 12:04:31,892 - GameStatus received: stage 4
2026-01-26 12:04:32,893 - GameStatus received: stage 4
2026-01-26 12:04:33,895 - GameStatus received: stage 4
2026-01-26 12:04:34,896 - GameStatus received: stage 4
2026-01-26 12:04:35,897 - GameStatus received: stage 4
2026-01-26 12:04:36,899 - GameStatus received: stage 4
2026-01-26 12:04:37,900 - GameStatus received: stage 4
2026-01-26 12:04:38,902 - GameStatus received: stage 4
2026-01-26 12:04:39,903 - GameStatus received: stage 4
2026-01-26 12:04:40,904 - GameStatus received: stage 4
2026-01-26 12:04:41,906 - GameStatus received: stage 4
2026-01-26 12:04:42,908 - GameStatus received: stage 4
2026-01-26 12:04:43,909 - GameStatus received: stage 4
2026-01-26 12:04:44,911 - GameStatus received: stage 4
2026-01-26 12:04:45,912 - GameStatus received: stage 4
2026-01-26 12:04:46,914 - GameStatus received: stage 4
2026-01-26 12:04:47,915 - GameStatus received: stage 4
2026-01-26 12:04:48,917 - GameStatus received: stage 4
2026-01-26 12:04:49,918 - GameStatus received: stage 4
2026-01-26 12:04:50,919 - GameStatus received: stage 4
2026-01-26 12:04:51,921 - GameStatus received: stage 4
2026-01-26 12:04:52,922 - GameStatus received: stage 4
2026-01-26 12:04:53,924 - GameStatus received: stage 4
2026-01-26 12:04:54,925 - GameStatus received: stage 4
2026-01-26 12:04:55,927 - GameStatus received: stage 4
2026-01-26 12:04:56,928 - GameStatus received: stage 4
2026-01-26 12:04:57,930 - GameStatus received: stage 4
2026-01-26 12:04:58,931 - GameStatus received: stage 4
2026-01-26 12:04:59,932 - GameStatus received: stage 4
2026-01-26 12:05:00,934 - GameStatus received: stage 4
2026-01-26 12:05:01,935 - GameStatus received: stage 4
2026-01-26 12:05:02,936 - GameStatus received: stage 4
2026-01-26 12:05:03,938 - GameStatus received: stage 4
2026-01-26 12:05:04,940 - GameStatus received: stage 4
2026-01-26 12:05:05,941 - GameStatus received: stage 4
2026-01-26 12:05:06,942 - GameStatus received: stage 4
2026-01-26 12:05:07,943 - GameStatus received: stage 4
2026-01-26 12:05:08,945 - GameStatus received: stage 4
2026-01-26 12:05:09,946 - GameStatus received: stage 4
2026-01-26 12:05:10,948 - GameStatus received: stage 4
2026-01-26 12:05:11,949 - GameStatus received: stage 4
2026-01-26 12:05:12,950 - GameStatus received: stage 4
2026-01-26 12:05:13,951 - GameStatus received: stage 4
2026-01-26 12:05:14,953 - GameStatus received: stage 4
2026-01-26 12:05:15,954 - GameStatus received: stage 4
2026-01-26 12:05:16,956 - GameStatus received: stage 4
2026-01-26 12:05:17,957 - GameStatus received: stage 4
2026-01-26 12:05:18,958 - GameStatus received: stage 4
2026-01-26 12:05:19,960 - GameStatus received: stage 4
2026-01-26 12:05:20,961 - GameStatus received: stage 4
2026-01-26 12:05:21,962 - GameStatus received: stage 4
2026-01-26 12:05:22,964 - GameStatus received: stage 4
2026-01-26 12:05:23,965 - GameStatus received: stage 4
2026-01-26 12:05:24,966 - GameStatus received: stage 4
2026-01-26 12:05:25,967 - GameStatus received: stage 4
2026-01-26 12:05:26,969 - GameStatus received: stage 4
2026-01-26 12:05:27,766 - Disconnected, reconnecting...
2026-01-26 12:06:22,351 - Connected to MQTT server
2026-01-26 12:06:23,044 - GameStatus received: stage 4
2026-01-26 12:06:24,046 - GameStatus received: stage 4
2026-01-26 12:06:25,047 - GameStatus received: stage 4
2026-01-26 12:06:26,049 - GameStatus received: stage 4
2026-01-26 12:06:27,050 - GameStatus received: stage 4
2026-01-26 12:06:28,050 - GameStatus received: stage 4
2026-01-26 12:06:29,052 - GameStatus received: stage 4
2026-01-26 12:06:30,054 - GameStatus received: stage 4
2026-01-26 12:06:31,055 - GameStatus received: stage 4
2026-01-26 12:06:32,056 - GameStatus received: stage 4
2026-01-26 12:06:33,058 - GameStatus received: stage 4
2026-01-26 12:06:34,060 - GameStatus received: stage 4
2026-01-26 12:06:35,061 - GameStatus received: stage 4
2026-01-26 12:06:36,063 - GameStatus received: stage 4
2026-01-26 12:06:37,064 - GameStatus received: stage 4
2026-01-26 12:06:38,066 - GameStatus received: stage 4
2026-01-26 12:08:50,656 - Connected to MQTT server
2026-01-26 12:08:51,248 - GameStatus received: stage 4
2026-01-26 12:08:52,249 - GameStatus received: stage 4
2026-01-26 12:08:53,250 - GameStatus received: stage 4
2026-01-26 12:08:54,252 - GameStatus received: stage 4
2026-01-26 12:08:55,253 - GameStatus received: stage 4
2026-01-26 12:08:56,254 - GameStatus received: stage 4
2026-01-26 12:08:57,256 - GameStatus received: stage 4
2026-01-26 12:08:58,257 - GameStatus received: stage 4
2026-01-26 12:08:59,259 - GameStatus received: stage 4
2026-01-26 12:09:00,260 - GameStatus received: stage 4
2026-01-26 12:09:01,261 - GameStatus received: stage 4
2026-01-26 12:09:02,263 - GameStatus received: stage 4
2026-01-26 12:09:03,265 - GameStatus received: stage 4
2026-01-26 12:09:04,266 - GameStatus received: stage 4
2026-01-26 12:09:05,267 - GameStatus received: stage 4
2026-01-26 12:09:06,268 - GameStatus received: stage 4
2026-01-26 12:09:07,270 - GameStatus received: stage 4
2026-01-26 12:09:08,272 - GameStatus received: stage 4
2026-01-26 12:09:09,273 - GameStatus received: stage 4
2026-01-26 12:09:09,415 - Sent RemoteControl
2026-01-26 12:09:10,274 - GameStatus received: stage 4
2026-01-26 12:09:10,673 - Sent Map Target: (0.0, 0.0)
2026-01-26 12:09:11,276 - GameStatus received: stage 4
2026-01-26 12:09:11,824 - Sent RemoteControl
2026-01-26 12:09:12,278 - GameStatus received: stage 4
2026-01-26 12:09:12,633 - Sent Map Target: (0.0, 0.0)
2026-01-26 12:09:13,279 - GameStatus received: stage 4
2026-01-26 12:09:14,280 - GameStatus received: stage 4
2026-01-26 12:09:14,871 - Sent RemoteControl
2026-01-26 12:09:15,282 - GameStatus received: stage 4
2026-01-26 12:09:15,687 - Sent Map Target: (0.0, 0.0)
2026-01-26 12:09:16,283 - GameStatus received: stage 4
2026-01-26 12:09:17,285 - GameStatus received: stage 4
2026-01-26 12:09:18,286 - GameStatus received: stage 4
2026-01-26 12:09:19,288 - GameStatus received: stage 4
2026-01-26 12:09:20,289 - GameStatus received: stage 4
2026-01-26 12:09:21,290 - GameStatus received: stage 4
2026-01-26 12:09:22,292 - GameStatus received: stage 4
2026-01-26 12:09:23,293 - GameStatus received: stage 4
2026-01-26 12:09:24,295 - GameStatus received: stage 4
2026-01-26 12:09:25,296 - GameStatus received: stage 4
2026-01-26 12:09:26,298 - GameStatus received: stage 4
2026-01-26 12:09:27,300 - GameStatus received: stage 4
2026-01-26 12:09:28,301 - GameStatus received: stage 4
2026-01-26 12:09:29,303 - GameStatus received: stage 4
2026-01-26 12:09:30,304 - GameStatus received: stage 4
2026-01-26 12:09:31,306 - GameStatus received: stage 4
2026-01-26 12:09:32,308 - GameStatus received: stage 4
2026-01-26 12:09:33,309 - GameStatus received: stage 4
2026-01-26 12:09:34,310 - GameStatus received: stage 4
2026-01-26 12:09:35,312 - GameStatus received: stage 4
2026-01-26 12:09:36,313 - GameStatus received: stage 4
2026-01-26 12:09:37,315 - GameStatus received: stage 4
2026-01-26 12:09:38,316 - GameStatus received: stage 4
2026-01-26 12:09:39,318 - GameStatus received: stage 4
2026-01-26 12:09:40,319 - GameStatus received: stage 4
2026-01-26 12:09:41,321 - GameStatus received: stage 4
2026-01-26 12:09:42,322 - GameStatus received: stage 4
2026-01-26 12:09:43,323 - GameStatus received: stage 4
2026-01-26 12:09:44,325 - GameStatus received: stage 4
2026-01-26 12:09:45,326 - GameStatus received: stage 4
2026-01-26 12:09:46,328 - GameStatus received: stage 4
2026-01-26 12:09:47,330 - GameStatus received: stage 4
2026-01-26 12:09:48,331 - GameStatus received: stage 4
2026-01-26 12:09:49,332 - GameStatus received: stage 4
2026-01-26 12:09:50,334 - GameStatus received: stage 4
2026-01-26 12:09:51,335 - GameStatus received: stage 4
2026-01-26 12:09:52,337 - GameStatus received: stage 4
2026-01-26 12:09:53,338 - GameStatus received: stage 4
2026-01-26 12:09:54,339 - GameStatus received: stage 4
2026-01-26 12:09:55,341 - GameStatus received: stage 4
2026-01-26 12:09:56,342 - GameStatus received: stage 4
2026-01-26 12:09:57,344 - GameStatus received: stage 4
2026-01-26 12:09:58,345 - GameStatus received: stage 4
2026-01-26 12:09:59,346 - GameStatus received: stage 4
2026-01-26 12:10:00,347 - GameStatus received: stage 4
2026-01-26 12:10:01,348 - GameStatus received: stage 4
2026-01-26 12:10:02,350 - GameStatus received: stage 4
2026-01-26 12:10:03,351 - GameStatus received: stage 4
2026-01-26 12:10:04,352 - GameStatus received: stage 4
2026-01-26 12:10:05,353 - GameStatus received: stage 4
2026-01-26 12:10:06,355 - GameStatus received: stage 4
2026-01-26 12:10:07,356 - GameStatus received: stage 4
2026-01-26 12:12:57,309 - Connected to MQTT server
2026-01-26 12:12:57,603 - GameStatus received: stage 4
2026-01-26 12:12:58,604 - GameStatus received: stage 4
2026-01-26 12:12:59,606 - GameStatus received: stage 4
2026-01-26 12:13:00,607 - GameStatus received: stage 4
2026-01-26 12:13:01,609 - GameStatus received: stage 4
2026-01-26 12:13:02,610 - GameStatus received: stage 4
2026-01-26 12:13:03,612 - GameStatus received: stage 4
2026-01-26 12:13:04,613 - GameStatus received: stage 4
2026-01-26 12:13:05,615 - GameStatus received: stage 4
2026-01-26 12:13:06,616 - GameStatus received: stage 4
2026-01-26 12:13:07,618 - GameStatus received: stage 4
2026-01-26 12:13:08,619 - GameStatus received: stage 4
2026-01-26 12:13:09,621 - GameStatus received: stage 4
2026-01-26 12:13:10,623 - GameStatus received: stage 4
2026-01-26 12:13:11,624 - GameStatus received: stage 4
2026-01-26 12:13:12,626 - GameStatus received: stage 4
2026-01-26 12:13:13,627 - GameStatus received: stage 4
2026-01-26 12:13:14,629 - GameStatus received: stage 4
2026-01-26 12:13:15,630 - GameStatus received: stage 4
2026-01-26 12:13:16,631 - GameStatus received: stage 4
2026-01-26 12:13:17,633 - GameStatus received: stage 4
2026-01-26 12:13:18,634 - GameStatus received: stage 4
2026-01-26 12:13:19,636 - GameStatus received: stage 4
2026-01-26 12:13:20,637 - GameStatus received: stage 4
2026-01-26 12:13:21,639 - GameStatus received: stage 4
2026-01-26 12:13:22,640 - GameStatus received: stage 4
2026-01-26 12:13:23,642 - GameStatus received: stage 4
2026-01-26 12:13:24,643 - GameStatus received: stage 4
2026-01-26 12:13:25,645 - GameStatus received: stage 4
2026-01-26 12:13:26,646 - GameStatus received: stage 4
2026-01-26 12:13:27,647 - GameStatus received: stage 4
2026-01-26 12:13:28,649 - GameStatus received: stage 4
2026-01-26 12:13:29,650 - GameStatus received: stage 4
2026-01-26 12:13:30,651 - GameStatus received: stage 4
2026-01-26 12:13:31,653 - GameStatus received: stage 4
2026-01-26 12:13:32,654 - GameStatus received: stage 4
2026-01-26 12:13:33,655 - GameStatus received: stage 4
2026-01-26 12:13:34,657 - GameStatus received: stage 4
2026-01-26 12:13:35,658 - GameStatus received: stage 4
2026-01-26 12:13:36,659 - GameStatus received: stage 4
2026-01-26 12:13:37,661 - GameStatus received: stage 4
2026-01-26 12:13:38,662 - GameStatus received: stage 4
2026-01-26 12:13:39,663 - GameStatus received: stage 4
2026-01-26 12:13:40,665 - GameStatus received: stage 4
2026-01-26 12:13:41,666 - GameStatus received: stage 4
2026-01-26 12:13:42,667 - GameStatus received: stage 4
2026-01-26 12:13:43,668 - GameStatus received: stage 4
2026-01-26 12:13:44,670 - GameStatus received: stage 4
2026-01-26 12:13:45,671 - GameStatus received: stage 4
2026-01-26 12:13:46,672 - GameStatus received: stage 4
2026-01-26 12:13:47,674 - GameStatus received: stage 4
2026-01-26 12:13:48,675 - GameStatus received: stage 4
2026-01-26 12:13:49,676 - GameStatus received: stage 4
2026-01-26 12:13:50,677 - GameStatus received: stage 4
2026-01-26 12:13:51,679 - GameStatus received: stage 4
2026-01-26 12:13:52,680 - GameStatus received: stage 4
2026-01-26 12:13:53,681 - GameStatus received: stage 4
2026-01-26 12:13:54,683 - GameStatus received: stage 4
2026-01-26 12:13:55,684 - GameStatus received: stage 4
2026-01-26 12:13:56,685 - GameStatus received: stage 4
2026-01-26 12:13:57,687 - GameStatus received: stage 4
2026-01-26 12:13:58,688 - GameStatus received: stage 4
2026-01-26 12:13:59,690 - GameStatus received: stage 4
2026-01-26 12:14:00,691 - GameStatus received: stage 4
2026-01-26 12:14:01,692 - GameStatus received: stage 4
2026-01-26 12:14:02,693 - GameStatus received: stage 4
2026-01-26 12:14:03,694 - GameStatus received: stage 4
2026-01-26 12:14:04,696 - GameStatus received: stage 4
2026-01-26 12:14:05,697 - GameStatus received: stage 4
2026-01-26 12:14:06,698 - GameStatus received: stage 4
2026-01-26 12:14:07,700 - GameStatus received: stage 4
2026-01-26 12:14:08,701 - GameStatus received: stage 4
2026-01-26 12:14:09,702 - GameStatus received: stage 4
2026-01-26 12:14:10,704 - GameStatus received: stage 4
2026-01-26 12:14:11,705 - GameStatus received: stage 4
2026-01-26 12:14:12,707 - GameStatus received: stage 4
2026-01-26 12:14:13,708 - GameStatus received: stage 4
2026-01-26 12:14:14,709 - GameStatus received: stage 4
2026-01-26 12:14:15,711 - GameStatus received: stage 4
2026-01-26 12:14:16,712 - GameStatus received: stage 4
2026-01-26 12:14:17,714 - GameStatus received: stage 4
2026-01-26 12:14:18,715 - GameStatus received: stage 4
2026-01-26 12:14:19,717 - GameStatus received: stage 4
2026-01-26 12:14:20,718 - GameStatus received: stage 4
2026-01-26 12:14:21,719 - GameStatus received: stage 4
2026-01-26 12:14:22,720 - GameStatus received: stage 4
2026-01-26 12:14:23,722 - GameStatus received: stage 4
2026-01-26 12:14:24,724 - GameStatus received: stage 4
2026-01-26 12:14:25,725 - GameStatus received: stage 4
2026-01-26 12:14:26,726 - GameStatus received: stage 4
2026-01-26 12:14:27,728 - GameStatus received: stage 4
2026-01-26 12:14:50,131 - Connected to MQTT server
2026-01-26 12:14:50,761 - GameStatus received: stage 4
2026-01-26 12:14:51,763 - GameStatus received: stage 4
2026-01-26 12:14:52,764 - GameStatus received: stage 4
2026-01-26 12:14:53,766 - GameStatus received: stage 4
2026-01-26 12:14:54,767 - GameStatus received: stage 4
2026-01-26 12:14:55,768 - GameStatus received: stage 4
2026-01-26 12:14:56,770 - GameStatus received: stage 4
2026-01-26 12:14:57,771 - GameStatus received: stage 4
2026-01-26 12:14:58,773 - GameStatus received: stage 4
2026-01-26 12:14:59,774 - GameStatus received: stage 4
2026-01-26 12:15:00,776 - GameStatus received: stage 4
2026-01-26 12:15:01,777 - GameStatus received: stage 4
2026-01-26 12:15:02,779 - GameStatus received: stage 4
2026-01-26 12:15:03,780 - GameStatus received: stage 4
2026-01-26 12:15:04,781 - GameStatus received: stage 4
2026-01-26 12:15:05,783 - GameStatus received: stage 4
2026-01-26 12:15:06,784 - GameStatus received: stage 4
2026-01-26 12:15:07,786 - GameStatus received: stage 4
2026-01-26 12:15:08,788 - GameStatus received: stage 4
2026-01-26 12:15:09,789 - GameStatus received: stage 4
2026-01-26 12:15:10,790 - GameStatus received: stage 4
2026-01-26 12:15:11,792 - GameStatus received: stage 4
2026-01-26 12:15:12,793 - GameStatus received: stage 4
2026-01-26 12:15:13,795 - GameStatus received: stage 4
2026-01-26 12:15:14,796 - GameStatus received: stage 4
2026-01-26 12:15:15,797 - GameStatus received: stage 4
2026-01-26 12:15:16,799 - GameStatus received: stage 4
2026-01-26 12:15:17,800 - GameStatus received: stage 4
2026-01-26 12:15:18,802 - GameStatus received: stage 4
2026-01-26 12:15:19,803 - GameStatus received: stage 4
2026-01-26 12:15:20,804 - GameStatus received: stage 4
2026-01-26 12:15:21,806 - GameStatus received: stage 4
2026-01-26 12:15:22,807 - GameStatus received: stage 4
2026-01-26 12:15:23,809 - GameStatus received: stage 4
2026-01-26 12:15:24,810 - GameStatus received: stage 4
2026-01-26 12:15:25,812 - GameStatus received: stage 4
2026-01-26 12:15:26,813 - GameStatus received: stage 4
2026-01-26 12:15:27,814 - GameStatus received: stage 4
2026-01-26 12:15:28,815 - GameStatus received: stage 4
2026-01-26 12:15:29,817 - GameStatus received: stage 4
2026-01-26 12:15:30,818 - GameStatus received: stage 4
2026-01-26 12:15:31,820 - GameStatus received: stage 4
2026-01-26 12:15:32,821 - GameStatus received: stage 4
2026-01-26 12:15:33,823 - GameStatus received: stage 4
2026-01-26 12:15:34,824 - GameStatus received: stage 4
2026-01-26 12:15:35,825 - GameStatus received: stage 4
2026-01-26 12:15:36,827 - GameStatus received: stage 4
2026-01-26 12:15:37,828 - GameStatus received: stage 4
2026-01-26 12:15:38,830 - GameStatus received: stage 4
2026-01-26 12:15:39,831 - GameStatus received: stage 4
2026-01-26 12:15:40,833 - GameStatus received: stage 4
2026-01-26 12:15:41,834 - GameStatus received: stage 4
2026-01-26 12:15:42,835 - GameStatus received: stage 4
2026-01-26 12:15:43,837 - GameStatus received: stage 4
2026-01-26 12:15:44,838 - GameStatus received: stage 4
2026-01-26 12:15:45,839 - GameStatus received: stage 4
2026-01-26 12:15:46,841 - GameStatus received: stage 4
2026-01-26 12:15:47,842 - GameStatus received: stage 4
2026-01-26 12:15:48,844 - GameStatus received: stage 4
2026-01-26 12:15:49,845 - GameStatus received: stage 4
2026-01-26 12:15:50,846 - GameStatus received: stage 4
2026-01-26 12:15:51,848 - GameStatus received: stage 4
2026-01-26 12:15:52,848 - GameStatus received: stage 4
2026-01-26 12:15:53,849 - GameStatus received: stage 4
2026-01-26 12:15:54,851 - GameStatus received: stage 4
2026-01-26 12:15:55,852 - GameStatus received: stage 4
2026-01-26 12:15:56,854 - GameStatus received: stage 4
2026-01-26 12:15:57,855 - GameStatus received: stage 4
2026-01-26 12:15:58,856 - GameStatus received: stage 4
2026-01-26 12:15:59,857 - GameStatus received: stage 4
2026-01-26 12:16:00,859 - GameStatus received: stage 4
2026-01-26 12:16:01,860 - GameStatus received: stage 4
2026-01-26 12:16:02,861 - GameStatus received: stage 4
2026-01-26 12:16:03,862 - GameStatus received: stage 4
2026-01-26 12:16:04,864 - GameStatus received: stage 4
2026-01-26 12:16:05,865 - GameStatus received: stage 4
2026-01-26 12:16:06,866 - GameStatus received: stage 4
2026-01-26 12:16:07,868 - GameStatus received: stage 4
2026-01-26 12:16:08,869 - GameStatus received: stage 4
2026-01-26 12:16:09,870 - GameStatus received: stage 4
2026-01-26 12:16:10,872 - GameStatus received: stage 4
2026-01-26 12:16:11,874 - GameStatus received: stage 4
2026-01-26 12:16:12,875 - GameStatus received: stage 4
2026-01-26 12:16:13,875 - GameStatus received: stage 4
2026-01-26 12:16:14,877 - GameStatus received: stage 4
2026-01-26 12:16:15,878 - GameStatus received: stage 4
2026-01-26 12:16:16,879 - GameStatus received: stage 4
2026-01-26 12:16:17,880 - GameStatus received: stage 4
2026-01-26 12:16:18,882 - GameStatus received: stage 4
2026-01-26 12:16:19,883 - GameStatus received: stage 4
2026-01-26 12:16:20,884 - GameStatus received: stage 4
2026-01-26 12:16:21,885 - GameStatus received: stage 4
2026-01-26 12:16:22,886 - GameStatus received: stage 4
2026-01-26 12:16:23,888 - GameStatus received: stage 4
2026-01-26 12:16:24,889 - GameStatus received: stage 4
2026-01-26 12:16:25,890 - GameStatus received: stage 4
2026-01-26 12:16:26,891 - GameStatus received: stage 4
2026-01-26 12:16:27,893 - GameStatus received: stage 4
2026-01-26 12:16:28,894 - GameStatus received: stage 4
2026-01-26 12:16:29,895 - GameStatus received: stage 4
2026-01-26 12:16:30,897 - GameStatus received: stage 4
2026-01-26 12:16:31,898 - GameStatus received: stage 4
2026-01-26 12:16:32,899 - GameStatus received: stage 4
2026-01-26 12:16:33,900 - GameStatus received: stage 4
2026-01-26 12:16:34,901 - GameStatus received: stage 4
2026-01-26 12:16:35,903 - GameStatus received: stage 4
2026-01-26 12:16:36,905 - GameStatus received: stage 4
2026-01-26 12:16:37,906 - GameStatus received: stage 4
2026-01-26 12:16:38,908 - GameStatus received: stage 4
2026-01-26 12:16:39,910 - GameStatus received: stage 4
2026-01-26 12:16:40,911 - GameStatus received: stage 4
2026-01-26 12:16:41,912 - GameStatus received: stage 4
2026-01-26 12:16:42,914 - GameStatus received: stage 4
2026-01-26 12:16:43,915 - GameStatus received: stage 4
2026-01-26 12:16:44,917 - GameStatus received: stage 4
2026-01-26 12:16:45,918 - GameStatus received: stage 4
2026-01-26 12:16:46,919 - GameStatus received: stage 4
2026-01-26 12:16:47,921 - GameStatus received: stage 4
2026-01-26 12:16:48,922 - GameStatus received: stage 4
2026-01-26 12:16:49,924 - GameStatus received: stage 4
2026-01-26 12:16:50,926 - GameStatus received: stage 4
2026-01-26 12:16:51,927 - GameStatus received: stage 4
2026-01-26 12:16:52,928 - GameStatus received: stage 4
2026-01-26 12:16:53,930 - GameStatus received: stage 4
2026-01-26 12:16:54,931 - GameStatus received: stage 4
2026-01-26 12:16:55,933 - GameStatus received: stage 4
2026-01-26 12:16:56,934 - GameStatus received: stage 4
2026-01-26 12:16:57,935 - GameStatus received: stage 4
2026-01-26 12:16:58,937 - GameStatus received: stage 4
2026-01-26 12:16:59,939 - GameStatus received: stage 4
2026-01-26 12:17:00,940 - GameStatus received: stage 4
2026-01-26 12:17:01,942 - GameStatus received: stage 4
2026-01-26 12:17:02,942 - GameStatus received: stage 4
2026-01-26 12:17:03,944 - GameStatus received: stage 4
2026-01-26 12:17:04,946 - GameStatus received: stage 4
2026-01-26 12:17:05,947 - GameStatus received: stage 4
2026-01-26 12:17:06,949 - GameStatus received: stage 4
2026-01-26 12:17:07,950 - GameStatus received: stage 4
2026-01-26 12:17:08,952 - GameStatus received: stage 4
2026-01-26 12:17:09,953 - GameStatus received: stage 4
2026-01-26 12:17:10,955 - GameStatus received: stage 4
2026-01-26 12:17:11,956 - GameStatus received: stage 4
2026-01-26 12:17:12,957 - GameStatus received: stage 4
2026-01-26 12:17:13,959 - GameStatus received: stage 4
2026-01-26 12:17:14,960 - GameStatus received: stage 4
2026-01-26 12:17:15,962 - GameStatus received: stage 4
2026-01-26 12:17:16,964 - GameStatus received: stage 4
2026-01-26 12:17:17,965 - GameStatus received: stage 4
2026-01-26 12:17:18,966 - GameStatus received: stage 4
2026-01-26 12:17:19,967 - GameStatus received: stage 4
2026-01-26 12:17:20,969 - GameStatus received: stage 4
2026-01-26 12:17:21,971 - GameStatus received: stage 4
2026-01-26 12:17:22,973 - GameStatus received: stage 4
2026-01-26 12:17:23,974 - GameStatus received: stage 4
2026-01-26 12:17:24,975 - GameStatus received: stage 4
2026-01-26 12:17:25,976 - GameStatus received: stage 4
2026-01-26 12:17:26,978 - GameStatus received: stage 4
2026-01-26 12:17:27,979 - GameStatus received: stage 4
2026-01-26 12:17:47,086 - Connected to MQTT server
2026-01-26 12:17:48,008 - GameStatus received: stage 4
2026-01-26 12:17:49,010 - GameStatus received: stage 4
2026-01-26 12:17:50,011 - GameStatus received: stage 4
2026-01-26 12:17:51,012 - GameStatus received: stage 4
2026-01-26 12:17:52,014 - GameStatus received: stage 4
2026-01-26 12:17:53,015 - GameStatus received: stage 4
2026-01-26 12:17:54,016 - GameStatus received: stage 4
2026-01-26 12:17:55,018 - GameStatus received: stage 4
2026-01-26 12:17:56,019 - GameStatus received: stage 4
2026-01-26 12:17:57,021 - GameStatus received: stage 4
2026-01-26 12:17:58,022 - GameStatus received: stage 4
2026-01-26 12:17:59,023 - GameStatus received: stage 4
2026-01-26 12:18:00,024 - GameStatus received: stage 4
2026-01-26 12:18:01,026 - GameStatus received: stage 4
2026-01-26 12:18:02,027 - GameStatus received: stage 4
2026-01-26 12:18:03,028 - GameStatus received: stage 4
2026-01-26 12:18:04,030 - GameStatus received: stage 4
2026-01-26 12:18:05,032 - GameStatus received: stage 4
2026-01-26 12:18:06,033 - GameStatus received: stage 4
2026-01-26 12:18:07,034 - GameStatus received: stage 4
2026-01-26 12:18:08,036 - GameStatus received: stage 4
2026-01-26 12:18:09,037 - GameStatus received: stage 4
2026-01-26 12:18:10,038 - GameStatus received: stage 4
2026-01-26 12:18:11,040 - GameStatus received: stage 4
2026-01-26 12:18:12,041 - GameStatus received: stage 4
2026-01-26 12:18:13,043 - GameStatus received: stage 4
2026-01-26 12:18:14,045 - GameStatus received: stage 4
2026-01-26 12:18:15,046 - GameStatus received: stage 4
2026-01-26 12:18:16,047 - GameStatus received: stage 4
2026-01-26 12:18:17,049 - GameStatus received: stage 4
2026-01-26 12:18:18,049 - GameStatus received: stage 4
2026-01-26 12:18:19,050 - GameStatus received: stage 4
2026-01-26 12:18:20,052 - GameStatus received: stage 4
2026-01-26 12:18:21,053 - GameStatus received: stage 4
2026-01-26 12:18:22,054 - GameStatus received: stage 4
2026-01-26 12:18:23,055 - GameStatus received: stage 4
2026-01-26 12:18:24,056 - GameStatus received: stage 4
2026-01-26 12:18:25,059 - GameStatus received: stage 4
2026-01-26 12:18:26,059 - GameStatus received: stage 4
2026-01-26 12:18:27,061 - GameStatus received: stage 4
2026-01-26 12:18:28,062 - GameStatus received: stage 4
2026-01-26 12:18:29,062 - GameStatus received: stage 4
2026-01-26 12:18:30,064 - GameStatus received: stage 4
2026-01-26 12:18:31,065 - GameStatus received: stage 4
2026-01-26 12:18:32,067 - GameStatus received: stage 4
2026-01-26 12:18:33,068 - GameStatus received: stage 4
2026-01-26 12:18:34,069 - GameStatus received: stage 4
2026-01-26 12:18:35,070 - GameStatus received: stage 4
2026-01-26 12:18:36,071 - GameStatus received: stage 4
2026-01-26 12:18:37,073 - GameStatus received: stage 4
2026-01-26 12:18:38,074 - GameStatus received: stage 4
2026-01-26 12:18:39,075 - GameStatus received: stage 4
2026-01-26 12:18:40,076 - GameStatus received: stage 4
2026-01-26 12:18:41,077 - GameStatus received: stage 4
2026-01-26 12:18:42,078 - GameStatus received: stage 4
2026-01-26 12:18:43,079 - GameStatus received: stage 4
2026-01-26 12:18:44,080 - GameStatus received: stage 4
2026-01-26 12:18:45,082 - GameStatus received: stage 4
2026-01-26 12:18:46,083 - GameStatus received: stage 4
2026-01-26 12:18:47,084 - GameStatus received: stage 4
2026-01-26 12:18:48,085 - GameStatus received: stage 4
2026-01-26 12:18:49,087 - GameStatus received: stage 4
2026-01-26 12:18:50,088 - GameStatus received: stage 4
2026-01-26 12:18:51,089 - GameStatus received: stage 4
2026-01-26 12:18:52,090 - GameStatus received: stage 4
2026-01-26 12:18:53,091 - GameStatus received: stage 4
2026-01-26 12:18:54,093 - GameStatus received: stage 4
2026-01-26 12:18:55,094 - GameStatus received: stage 4
2026-01-26 12:18:56,095 - GameStatus received: stage 4
2026-01-26 12:18:57,097 - GameStatus received: stage 4
2026-01-26 12:18:58,098 - GameStatus received: stage 4
2026-01-26 12:18:59,099 - GameStatus received: stage 4
2026-01-26 12:19:00,101 - GameStatus received: stage 4
2026-01-26 12:19:01,102 - GameStatus received: stage 4
2026-01-26 12:19:02,104 - GameStatus received: stage 4
2026-01-26 12:19:03,105 - GameStatus received: stage 4
2026-01-26 12:19:04,106 - GameStatus received: stage 4
2026-01-26 12:19:05,107 - GameStatus received: stage 4
2026-01-26 12:19:06,108 - GameStatus received: stage 4
2026-01-26 12:19:07,110 - GameStatus received: stage 4
2026-01-26 12:19:08,111 - GameStatus received: stage 4
2026-01-26 12:19:09,113 - GameStatus received: stage 4
2026-01-26 12:19:10,114 - GameStatus received: stage 4
2026-01-26 12:19:11,116 - GameStatus received: stage 4
2026-01-26 12:19:12,117 - GameStatus received: stage 4
2026-01-26 12:19:13,119 - GameStatus received: stage 4
2026-01-26 12:19:14,120 - GameStatus received: stage 4
2026-01-26 12:19:15,122 - GameStatus received: stage 4
2026-01-26 12:19:16,123 - GameStatus received: stage 4
2026-01-26 12:19:17,124 - GameStatus received: stage 4
2026-01-26 12:19:18,126 - GameStatus received: stage 4
2026-01-26 12:19:19,126 - GameStatus received: stage 4
2026-01-26 12:19:20,127 - GameStatus received: stage 4
2026-01-26 12:19:21,129 - GameStatus received: stage 4
2026-01-26 12:19:22,130 - GameStatus received: stage 4
2026-01-26 12:19:23,131 - GameStatus received: stage 4
2026-01-26 12:19:24,132 - GameStatus received: stage 4
2026-01-26 12:19:25,134 - GameStatus received: stage 4
2026-01-26 12:19:26,135 - GameStatus received: stage 4
2026-01-26 12:19:27,136 - GameStatus received: stage 4
2026-01-26 12:19:28,138 - GameStatus received: stage 4
2026-01-26 12:19:29,139 - GameStatus received: stage 4
2026-01-26 12:19:30,140 - GameStatus received: stage 4
2026-01-26 12:19:31,142 - GameStatus received: stage 4
2026-01-26 12:19:32,143 - GameStatus received: stage 4
2026-01-26 12:19:33,144 - GameStatus received: stage 4
2026-01-26 12:19:34,146 - GameStatus received: stage 4
2026-01-26 12:19:35,147 - GameStatus received: stage 4
2026-01-26 12:19:36,149 - GameStatus received: stage 4
2026-01-26 12:19:37,149 - GameStatus received: stage 4
2026-01-26 12:19:38,151 - GameStatus received: stage 4
2026-01-26 12:19:39,152 - GameStatus received: stage 4
2026-01-26 12:19:40,154 - GameStatus received: stage 4
2026-01-26 12:19:41,155 - GameStatus received: stage 4
2026-01-26 12:19:42,156 - GameStatus received: stage 4
2026-01-26 12:19:43,157 - GameStatus received: stage 4
2026-01-26 12:19:44,158 - GameStatus received: stage 4
2026-01-26 12:19:45,159 - GameStatus received: stage 4
2026-01-26 12:19:46,161 - GameStatus received: stage 4
2026-01-26 12:19:47,162 - GameStatus received: stage 4
2026-01-26 12:19:48,163 - GameStatus received: stage 4
2026-01-26 12:19:49,165 - GameStatus received: stage 4
2026-01-26 12:19:50,166 - GameStatus received: stage 4
2026-01-26 12:19:51,167 - GameStatus received: stage 4
2026-01-26 12:19:52,169 - GameStatus received: stage 4
2026-01-26 12:19:53,170 - GameStatus received: stage 4
2026-01-26 12:19:54,170 - GameStatus received: stage 4
2026-01-26 12:19:55,171 - GameStatus received: stage 4
2026-01-26 12:19:56,173 - GameStatus received: stage 4
2026-01-26 12:19:57,174 - GameStatus received: stage 4
2026-01-26 12:19:58,176 - GameStatus received: stage 4
2026-01-26 12:19:59,177 - GameStatus received: stage 4
2026-01-26 12:20:00,178 - GameStatus received: stage 4
2026-01-26 12:20:01,179 - GameStatus received: stage 4
2026-01-26 12:20:02,180 - GameStatus received: stage 4
2026-01-26 12:20:03,182 - GameStatus received: stage 4
2026-01-26 12:20:04,183 - GameStatus received: stage 4
2026-01-26 12:20:05,184 - GameStatus received: stage 4
2026-01-26 12:20:06,185 - GameStatus received: stage 4
2026-01-26 12:20:07,187 - GameStatus received: stage 4
2026-01-26 12:20:08,188 - GameStatus received: stage 4
2026-01-26 12:20:09,189 - GameStatus received: stage 4
2026-01-26 12:20:10,190 - GameStatus received: stage 4
2026-01-26 12:20:11,191 - GameStatus received: stage 4
2026-01-26 12:20:12,193 - GameStatus received: stage 4
2026-01-26 12:20:13,194 - GameStatus received: stage 4
2026-01-26 12:20:14,195 - GameStatus received: stage 4
2026-01-26 12:20:15,196 - GameStatus received: stage 4
2026-01-26 12:20:16,197 - GameStatus received: stage 4
2026-01-26 12:20:17,199 - GameStatus received: stage 4
2026-01-26 12:20:18,200 - GameStatus received: stage 4
2026-01-26 12:20:19,201 - GameStatus received: stage 4
2026-01-26 12:20:20,202 - GameStatus received: stage 4
2026-01-26 12:20:21,203 - GameStatus received: stage 4
2026-01-26 12:20:22,205 - GameStatus received: stage 4
2026-01-26 12:20:23,206 - GameStatus received: stage 4
2026-01-26 12:20:24,207 - GameStatus received: stage 4
2026-01-26 12:20:25,208 - GameStatus received: stage 4
2026-01-26 12:20:26,210 - GameStatus received: stage 4
2026-01-26 12:20:27,211 - GameStatus received: stage 4
2026-01-26 12:20:28,212 - GameStatus received: stage 4
2026-01-26 12:20:29,213 - GameStatus received: stage 4
2026-01-26 12:20:30,215 - GameStatus received: stage 4
2026-01-26 12:20:31,216 - GameStatus received: stage 4
2026-01-26 12:20:32,217 - GameStatus received: stage 4
2026-01-26 12:20:33,218 - GameStatus received: stage 4
2026-01-26 12:20:34,219 - GameStatus received: stage 4
2026-01-26 12:20:35,221 - GameStatus received: stage 4
2026-01-26 12:20:36,222 - GameStatus received: stage 4
2026-01-26 12:20:37,223 - GameStatus received: stage 4
2026-01-26 12:20:38,225 - GameStatus received: stage 4
2026-01-26 12:20:39,226 - GameStatus received: stage 4
2026-01-26 12:20:40,227 - GameStatus received: stage 4
2026-01-26 12:20:41,228 - GameStatus received: stage 4
2026-01-26 12:20:42,230 - GameStatus received: stage 4
2026-01-26 12:20:43,230 - GameStatus received: stage 4
2026-01-26 12:20:44,232 - GameStatus received: stage 4
2026-01-26 12:20:45,233 - GameStatus received: stage 4
2026-01-26 12:20:46,235 - GameStatus received: stage 4
2026-01-26 12:20:47,236 - GameStatus received: stage 4
2026-01-26 12:20:48,238 - GameStatus received: stage 4
2026-01-26 12:20:49,239 - GameStatus received: stage 4
2026-01-26 12:20:50,240 - GameStatus received: stage 4
2026-01-26 12:20:51,242 - GameStatus received: stage 4
2026-01-26 12:20:52,243 - GameStatus received: stage 4
2026-01-26 12:20:53,245 - GameStatus received: stage 4
2026-01-26 12:20:54,246 - GameStatus received: stage 4
2026-01-26 12:20:55,247 - GameStatus received: stage 4
2026-01-26 12:20:56,249 - GameStatus received: stage 4
2026-01-26 12:20:57,250 - GameStatus received: stage 4
2026-01-26 12:20:58,252 - GameStatus received: stage 4
2026-01-26 12:20:59,253 - GameStatus received: stage 4
2026-01-26 12:21:00,255 - GameStatus received: stage 4
2026-01-26 12:21:01,256 - GameStatus received: stage 4
2026-01-26 12:21:02,258 - GameStatus received: stage 4
2026-01-26 12:21:03,258 - GameStatus received: stage 4
2026-01-26 12:21:04,259 - GameStatus received: stage 4
2026-01-26 12:21:05,261 - GameStatus received: stage 4
2026-01-26 12:21:06,263 - GameStatus received: stage 4
2026-01-26 12:21:07,264 - GameStatus received: stage 4
2026-01-26 12:21:08,266 - GameStatus received: stage 4
2026-01-26 12:21:09,267 - GameStatus received: stage 4
2026-01-26 12:21:10,268 - GameStatus received: stage 4
2026-01-26 12:21:40,713 - Connected to MQTT server
2026-01-26 12:21:41,311 - GameStatus received: stage 4
2026-01-26 12:21:42,313 - GameStatus received: stage 4
2026-01-26 12:21:43,314 - GameStatus received: stage 4
2026-01-26 12:21:44,315 - GameStatus received: stage 4
2026-01-26 12:21:45,317 - GameStatus received: stage 4
2026-01-26 12:21:46,318 - GameStatus received: stage 4
2026-01-26 12:21:47,320 - GameStatus received: stage 4
2026-01-26 12:21:48,322 - GameStatus received: stage 4
2026-01-26 12:21:49,324 - GameStatus received: stage 4
2026-01-26 12:21:50,325 - GameStatus received: stage 4
2026-01-26 12:21:51,326 - GameStatus received: stage 4
2026-01-26 12:21:52,327 - GameStatus received: stage 4
2026-01-26 12:21:53,329 - GameStatus received: stage 4
2026-01-26 12:21:54,330 - GameStatus received: stage 4
2026-01-26 12:21:55,332 - GameStatus received: stage 4
2026-01-26 12:21:56,333 - GameStatus received: stage 4
2026-01-26 12:21:57,335 - GameStatus received: stage 4
2026-01-26 12:21:58,336 - GameStatus received: stage 4
2026-01-26 12:21:59,337 - GameStatus received: stage 4
2026-01-26 12:22:00,339 - GameStatus received: stage 4
2026-01-26 12:22:01,340 - GameStatus received: stage 4
2026-01-26 12:22:02,342 - GameStatus received: stage 4
2026-01-26 12:22:03,343 - GameStatus received: stage 4
2026-01-26 12:22:04,345 - GameStatus received: stage 4
2026-01-26 12:22:05,346 - GameStatus received: stage 4
2026-01-26 12:22:06,348 - GameStatus received: stage 4
2026-01-26 12:22:07,350 - GameStatus received: stage 4
2026-01-26 12:22:08,351 - GameStatus received: stage 4
2026-01-26 12:22:09,352 - GameStatus received: stage 4
2026-01-26 12:22:10,354 - GameStatus received: stage 4
2026-01-26 12:22:11,354 - GameStatus received: stage 4
2026-01-26 12:22:12,355 - GameStatus received: stage 4
2026-01-26 12:22:13,357 - GameStatus received: stage 4
2026-01-26 12:22:14,358 - GameStatus received: stage 4
2026-01-26 12:22:15,359 - GameStatus received: stage 4
2026-01-26 12:22:16,360 - GameStatus received: stage 4
2026-01-26 12:22:17,362 - GameStatus received: stage 4
2026-01-26 12:22:18,363 - GameStatus received: stage 4
2026-01-26 12:22:19,364 - GameStatus received: stage 4
2026-01-26 12:22:20,366 - GameStatus received: stage 4
2026-01-26 12:22:21,367 - GameStatus received: stage 4
2026-01-26 12:22:22,369 - GameStatus received: stage 4
2026-01-26 12:22:23,370 - GameStatus received: stage 4
2026-01-26 12:22:24,371 - GameStatus received: stage 4
2026-01-26 12:22:25,373 - GameStatus received: stage 4
2026-01-26 12:22:26,374 - GameStatus received: stage 4
2026-01-26 12:22:27,375 - GameStatus received: stage 4
2026-01-26 12:22:28,376 - GameStatus received: stage 4
2026-01-26 12:22:29,378 - GameStatus received: stage 4
2026-01-26 12:22:30,379 - GameStatus received: stage 4
2026-01-26 12:22:31,380 - GameStatus received: stage 4
2026-01-26 12:22:32,382 - GameStatus received: stage 4
2026-01-26 12:22:33,383 - GameStatus received: stage 4
2026-01-26 12:22:34,385 - GameStatus received: stage 4
2026-01-26 12:22:35,386 - GameStatus received: stage 4
2026-01-26 12:22:36,388 - GameStatus received: stage 4
2026-01-26 12:22:37,389 - GameStatus received: stage 4
2026-01-26 12:22:38,390 - GameStatus received: stage 4
2026-01-26 12:22:39,391 - GameStatus received: stage 4
2026-01-26 12:22:40,392 - GameStatus received: stage 4
2026-01-26 12:22:41,393 - GameStatus received: stage 4
2026-01-26 12:22:42,395 - GameStatus received: stage 4
2026-01-26 12:22:43,396 - GameStatus received: stage 4
2026-01-26 12:22:44,397 - GameStatus received: stage 4
2026-01-26 12:22:45,398 - GameStatus received: stage 4
2026-01-26 12:22:46,400 - GameStatus received: stage 4
2026-01-26 12:22:47,401 - GameStatus received: stage 4
2026-01-26 12:22:48,402 - GameStatus received: stage 4
2026-01-26 12:22:49,403 - GameStatus received: stage 4
2026-01-26 12:22:50,404 - GameStatus received: stage 4
2026-01-26 12:22:51,405 - GameStatus received: stage 4
2026-01-26 12:22:52,406 - GameStatus received: stage 4
2026-01-26 12:22:53,408 - GameStatus received: stage 4
2026-01-26 12:22:54,410 - GameStatus received: stage 4
2026-01-26 12:22:55,411 - GameStatus received: stage 4
2026-01-26 12:22:56,412 - GameStatus received: stage 4
2026-01-26 12:22:57,414 - GameStatus received: stage 4
2026-01-26 12:22:58,415 - GameStatus received: stage 4
2026-01-26 12:22:59,417 - GameStatus received: stage 4
2026-01-26 12:23:00,418 - GameStatus received: stage 4
2026-01-26 12:23:01,419 - GameStatus received: stage 4
2026-01-26 12:23:02,422 - GameStatus received: stage 4
2026-01-26 12:23:03,423 - GameStatus received: stage 4
2026-01-26 12:23:04,424 - GameStatus received: stage 4
2026-01-26 12:23:05,425 - GameStatus received: stage 4
2026-01-26 12:23:06,426 - GameStatus received: stage 4
2026-01-26 12:23:07,427 - GameStatus received: stage 4
2026-01-26 12:23:08,428 - GameStatus received: stage 4
2026-01-26 12:23:09,430 - GameStatus received: stage 4
2026-01-26 12:23:10,431 - GameStatus received: stage 4
2026-01-26 12:23:11,432 - GameStatus received: stage 4
2026-01-26 12:23:12,433 - GameStatus received: stage 4
2026-01-26 12:23:13,434 - GameStatus received: stage 4
2026-01-26 12:23:14,435 - GameStatus received: stage 4
2026-01-26 12:23:15,436 - GameStatus received: stage 4
2026-01-26 12:23:16,438 - GameStatus received: stage 4
2026-01-26 12:23:17,439 - GameStatus received: stage 4
2026-01-26 12:23:18,440 - GameStatus received: stage 4
2026-01-26 12:23:19,442 - GameStatus received: stage 4
2026-01-26 12:23:47,109 - Connected to MQTT server
2026-01-26 12:23:47,480 - GameStatus received: stage 4
2026-01-26 12:23:48,481 - GameStatus received: stage 4
2026-01-26 12:23:49,483 - GameStatus received: stage 4
2026-01-26 12:23:50,484 - GameStatus received: stage 4
2026-01-26 12:23:51,485 - GameStatus received: stage 4
2026-01-26 12:23:52,486 - GameStatus received: stage 4
2026-01-26 12:23:53,488 - GameStatus received: stage 4
2026-01-26 12:23:54,489 - GameStatus received: stage 4
2026-01-26 12:23:55,490 - GameStatus received: stage 4
2026-01-26 12:23:56,492 - GameStatus received: stage 4
2026-01-26 12:23:57,493 - GameStatus received: stage 4
2026-01-26 12:23:58,495 - GameStatus received: stage 4
2026-01-26 12:23:59,496 - GameStatus received: stage 4
2026-01-26 12:24:00,498 - GameStatus received: stage 4
2026-01-26 12:24:01,499 - GameStatus received: stage 4
2026-01-26 12:24:02,500 - GameStatus received: stage 4
2026-01-26 12:24:03,502 - GameStatus received: stage 4
2026-01-26 12:24:04,503 - GameStatus received: stage 4
2026-01-26 12:24:05,505 - GameStatus received: stage 4
2026-01-26 12:24:06,506 - GameStatus received: stage 4
2026-01-26 12:24:07,507 - GameStatus received: stage 4
2026-01-26 12:24:08,509 - GameStatus received: stage 4
2026-01-26 12:24:09,510 - GameStatus received: stage 4
2026-01-26 12:24:10,512 - GameStatus received: stage 4
2026-01-26 12:24:11,513 - GameStatus received: stage 4
2026-01-26 12:24:12,514 - GameStatus received: stage 4
2026-01-26 12:24:13,516 - GameStatus received: stage 4
2026-01-26 12:24:14,518 - GameStatus received: stage 4
2026-01-26 12:24:15,519 - GameStatus received: stage 4
2026-01-26 12:24:16,520 - GameStatus received: stage 4
2026-01-26 12:24:17,522 - GameStatus received: stage 4
2026-01-26 12:24:18,523 - GameStatus received: stage 4
2026-01-26 12:24:19,524 - GameStatus received: stage 4
2026-01-26 12:24:20,526 - GameStatus received: stage 4
2026-01-26 12:24:21,528 - GameStatus received: stage 4
2026-01-26 12:24:22,529 - GameStatus received: stage 4
2026-01-26 12:24:23,530 - GameStatus received: stage 4
2026-01-26 12:24:24,532 - GameStatus received: stage 4
2026-01-26 12:24:25,533 - GameStatus received: stage 4
2026-01-26 12:24:26,535 - GameStatus received: stage 4
2026-01-26 12:24:27,536 - GameStatus received: stage 4
2026-01-26 12:24:28,537 - GameStatus received: stage 4
2026-01-26 12:24:29,539 - GameStatus received: stage 4
2026-01-26 12:24:30,540 - GameStatus received: stage 4
2026-01-26 12:24:31,542 - GameStatus received: stage 4
2026-01-26 12:24:32,543 - GameStatus received: stage 4
2026-01-26 12:24:33,545 - GameStatus received: stage 4
2026-01-26 12:24:34,546 - GameStatus received: stage 4
2026-01-26 12:24:35,547 - GameStatus received: stage 4
2026-01-26 12:24:36,549 - GameStatus received: stage 4
2026-01-26 12:24:37,550 - GameStatus received: stage 4
2026-01-26 12:24:38,552 - GameStatus received: stage 4
2026-01-26 12:24:39,554 - GameStatus received: stage 4
2026-01-26 12:24:40,555 - GameStatus received: stage 4
2026-01-26 12:24:41,556 - GameStatus received: stage 4
2026-01-26 12:24:42,558 - GameStatus received: stage 4
2026-01-26 12:24:43,559 - GameStatus received: stage 4
2026-01-26 12:24:44,561 - GameStatus received: stage 4
2026-01-26 12:24:45,562 - GameStatus received: stage 4
2026-01-26 12:24:46,563 - GameStatus received: stage 4
2026-01-26 12:24:47,564 - GameStatus received: stage 4
2026-01-26 12:24:48,566 - GameStatus received: stage 4
2026-01-26 12:24:49,568 - GameStatus received: stage 4
2026-01-26 12:24:50,569 - GameStatus received: stage 4
2026-01-26 12:24:51,571 - GameStatus received: stage 4
2026-01-26 12:24:52,572 - GameStatus received: stage 4
2026-01-26 12:24:53,574 - GameStatus received: stage 4
2026-01-26 12:24:54,575 - GameStatus received: stage 4
2026-01-26 12:24:55,576 - GameStatus received: stage 4
2026-01-26 12:24:56,578 - GameStatus received: stage 4
2026-01-26 12:24:57,578 - GameStatus received: stage 4
2026-01-26 12:24:58,579 - GameStatus received: stage 4
2026-01-26 12:24:59,581 - GameStatus received: stage 4
2026-01-26 12:25:00,582 - GameStatus received: stage 4
2026-01-26 12:25:01,583 - GameStatus received: stage 4
2026-01-26 12:25:02,584 - GameStatus received: stage 4
2026-01-26 12:25:03,586 - GameStatus received: stage 4
2026-01-26 12:25:04,587 - GameStatus received: stage 4
2026-01-26 12:25:05,588 - GameStatus received: stage 4
2026-01-26 12:25:06,590 - GameStatus received: stage 4
2026-01-26 12:25:07,591 - GameStatus received: stage 4
2026-01-26 12:25:08,592 - GameStatus received: stage 4
2026-01-26 12:25:09,593 - GameStatus received: stage 4
2026-01-26 12:25:10,595 - GameStatus received: stage 4
2026-01-26 12:25:11,596 - GameStatus received: stage 4
2026-01-26 12:25:12,597 - GameStatus received: stage 4
2026-01-26 12:25:13,598 - GameStatus received: stage 4
2026-01-26 12:25:14,599 - GameStatus received: stage 4
2026-01-26 12:25:15,601 - GameStatus received: stage 4
2026-01-26 12:25:16,602 - GameStatus received: stage 4
2026-01-26 12:25:17,603 - GameStatus received: stage 4
2026-01-26 12:25:18,604 - GameStatus received: stage 4
2026-01-26 12:25:19,606 - GameStatus received: stage 4
2026-01-26 12:25:20,607 - GameStatus received: stage 4
2026-01-26 12:25:21,608 - GameStatus received: stage 4
2026-01-26 12:25:22,610 - GameStatus received: stage 4
2026-01-26 12:25:23,611 - GameStatus received: stage 4
2026-01-26 12:25:24,612 - GameStatus received: stage 4
2026-01-26 12:25:25,613 - GameStatus received: stage 4
2026-01-26 12:25:26,614 - GameStatus received: stage 4
2026-01-26 12:25:27,615 - GameStatus received: stage 4
2026-01-26 12:25:28,616 - GameStatus received: stage 4
2026-01-26 12:25:29,618 - GameStatus received: stage 4
2026-01-26 12:25:30,619 - GameStatus received: stage 4
2026-01-26 12:25:31,620 - GameStatus received: stage 4
2026-01-26 12:25:32,621 - GameStatus received: stage 4
2026-01-26 12:25:33,623 - GameStatus received: stage 4
2026-01-26 12:25:34,624 - GameStatus received: stage 4
2026-01-26 12:25:35,625 - GameStatus received: stage 4
2026-01-26 12:25:36,626 - GameStatus received: stage 4
2026-01-26 12:25:37,627 - GameStatus received: stage 4
2026-01-26 12:25:38,629 - GameStatus received: stage 4
2026-01-26 12:25:39,630 - GameStatus received: stage 4
2026-01-26 12:25:40,632 - GameStatus received: stage 4
2026-01-26 12:25:41,633 - GameStatus received: stage 4
2026-01-26 12:25:42,635 - GameStatus received: stage 4
2026-01-26 12:25:43,636 - GameStatus received: stage 4
2026-01-26 12:25:44,638 - GameStatus received: stage 4
2026-01-26 12:25:45,639 - GameStatus received: stage 4
2026-01-26 12:25:46,641 - GameStatus received: stage 4
2026-01-26 12:25:47,642 - GameStatus received: stage 4
2026-01-26 12:25:48,644 - GameStatus received: stage 4
2026-01-26 12:25:49,645 - GameStatus received: stage 4
2026-01-26 12:25:50,647 - GameStatus received: stage 4
2026-01-26 12:25:51,648 - GameStatus received: stage 4
2026-01-26 12:25:52,649 - GameStatus received: stage 4
2026-01-26 12:25:53,651 - GameStatus received: stage 4
2026-01-26 12:25:54,652 - GameStatus received: stage 4
2026-01-26 12:25:55,654 - GameStatus received: stage 4
2026-01-26 12:25:56,655 - GameStatus received: stage 4
2026-01-26 12:25:57,657 - GameStatus received: stage 4
2026-01-26 12:25:58,657 - GameStatus received: stage 4
2026-01-26 12:25:59,659 - GameStatus received: stage 4
2026-01-26 12:26:00,660 - GameStatus received: stage 4
2026-01-26 12:26:01,661 - GameStatus received: stage 4
2026-01-26 12:26:02,662 - GameStatus received: stage 4
2026-01-26 12:26:03,663 - GameStatus received: stage 4
2026-01-26 12:26:04,664 - GameStatus received: stage 4
2026-01-26 12:26:05,666 - GameStatus received: stage 4
2026-01-26 12:26:06,666 - GameStatus received: stage 4
2026-01-26 12:26:34,901 - Connected to MQTT server
2026-01-26 12:26:35,707 - GameStatus received: stage 4
2026-01-26 12:26:36,709 - GameStatus received: stage 4
2026-01-26 12:26:37,710 - GameStatus received: stage 4
2026-01-26 12:26:38,711 - GameStatus received: stage 4
2026-01-26 12:26:39,713 - GameStatus received: stage 4
2026-01-26 12:26:40,715 - GameStatus received: stage 4
2026-01-26 12:26:41,716 - GameStatus received: stage 4
2026-01-26 12:26:42,718 - GameStatus received: stage 4
2026-01-26 12:26:43,719 - GameStatus received: stage 4
2026-01-26 12:26:44,720 - GameStatus received: stage 4
2026-01-26 12:26:45,722 - GameStatus received: stage 4
2026-01-26 12:26:46,723 - GameStatus received: stage 4
2026-01-26 12:26:47,725 - GameStatus received: stage 4
2026-01-26 12:26:48,726 - GameStatus received: stage 4
2026-01-26 12:26:49,728 - GameStatus received: stage 4
2026-01-26 12:26:50,729 - GameStatus received: stage 4
2026-01-26 12:26:51,731 - GameStatus received: stage 4
2026-01-26 12:26:52,732 - GameStatus received: stage 4
2026-01-26 12:26:53,734 - GameStatus received: stage 4
2026-01-26 12:26:54,735 - GameStatus received: stage 4
2026-01-26 12:26:55,736 - GameStatus received: stage 4
2026-01-26 12:26:56,738 - GameStatus received: stage 4
2026-01-26 12:26:57,740 - GameStatus received: stage 4
2026-01-26 12:26:58,741 - GameStatus received: stage 4
2026-01-26 12:26:59,742 - GameStatus received: stage 4
2026-01-26 12:27:00,744 - GameStatus received: stage 4
2026-01-26 12:27:01,745 - GameStatus received: stage 4
2026-01-26 12:27:02,747 - GameStatus received: stage 4
2026-01-26 12:27:03,748 - GameStatus received: stage 4
2026-01-26 12:27:04,750 - GameStatus received: stage 4
2026-01-26 12:27:05,751 - GameStatus received: stage 4
2026-01-26 12:27:06,753 - GameStatus received: stage 4
2026-01-26 12:27:07,754 - GameStatus received: stage 4
2026-01-26 12:27:08,755 - GameStatus received: stage 4
2026-01-26 12:27:09,757 - GameStatus received: stage 4
2026-01-26 12:27:10,758 - GameStatus received: stage 4
2026-01-26 12:27:11,759 - GameStatus received: stage 4
2026-01-26 12:27:12,761 - GameStatus received: stage 4
2026-01-26 12:27:13,762 - GameStatus received: stage 4
2026-01-26 12:27:14,764 - GameStatus received: stage 4
2026-01-26 12:27:15,765 - GameStatus received: stage 4
2026-01-26 12:27:16,767 - GameStatus received: stage 4
2026-01-26 12:27:17,768 - GameStatus received: stage 4
2026-01-26 12:27:18,770 - GameStatus received: stage 4
2026-01-26 12:27:19,771 - GameStatus received: stage 4
2026-01-26 12:27:20,773 - GameStatus received: stage 4
2026-01-26 12:27:21,774 - GameStatus received: stage 4
2026-01-26 12:27:22,776 - GameStatus received: stage 4
2026-01-26 12:27:23,777 - GameStatus received: stage 4
2026-01-26 12:27:24,778 - GameStatus received: stage 4
2026-01-26 12:27:25,780 - GameStatus received: stage 4
2026-01-26 12:27:26,781 - GameStatus received: stage 4
2026-01-26 12:27:27,782 - GameStatus received: stage 4
2026-01-26 12:27:28,784 - GameStatus received: stage 4
2026-01-26 12:27:29,785 - GameStatus received: stage 4
2026-01-26 12:27:30,786 - GameStatus received: stage 4
2026-01-26 12:27:31,788 - GameStatus received: stage 4
2026-01-26 12:27:32,789 - GameStatus received: stage 4
2026-01-26 12:27:33,790 - GameStatus received: stage 4
2026-01-26 12:27:34,791 - GameStatus received: stage 4
2026-01-26 12:27:35,793 - GameStatus received: stage 4
2026-01-26 12:27:36,794 - GameStatus received: stage 4
2026-01-26 12:27:37,795 - GameStatus received: stage 4
2026-01-26 12:27:38,796 - GameStatus received: stage 4
2026-01-26 12:27:39,798 - GameStatus received: stage 4
2026-01-26 12:27:40,799 - GameStatus received: stage 4
2026-01-26 12:27:41,800 - GameStatus received: stage 4
2026-01-26 12:27:42,801 - GameStatus received: stage 4
2026-01-26 12:27:43,802 - GameStatus received: stage 4
2026-01-26 12:27:44,804 - GameStatus received: stage 4
2026-01-26 12:27:45,805 - GameStatus received: stage 4
2026-01-26 12:27:46,806 - GameStatus received: stage 4
2026-01-26 12:27:47,808 - GameStatus received: stage 4
2026-01-26 12:27:48,809 - GameStatus received: stage 4
2026-01-26 12:27:49,810 - GameStatus received: stage 4
2026-01-26 12:27:50,812 - GameStatus received: stage 4
2026-01-26 12:27:51,813 - GameStatus received: stage 4
2026-01-26 12:27:52,814 - GameStatus received: stage 4
2026-01-26 12:27:53,815 - GameStatus received: stage 4
2026-01-26 12:27:54,817 - GameStatus received: stage 4
2026-01-26 12:27:55,818 - GameStatus received: stage 4
2026-01-26 12:27:56,819 - GameStatus received: stage 4
2026-01-26 12:27:57,821 - GameStatus received: stage 4
2026-01-26 12:27:58,822 - GameStatus received: stage 4
2026-01-26 12:27:59,823 - GameStatus received: stage 4
2026-01-26 12:28:00,824 - GameStatus received: stage 4
2026-01-26 12:28:01,826 - GameStatus received: stage 4
2026-01-26 12:28:02,827 - GameStatus received: stage 4
2026-01-26 12:28:03,828 - GameStatus received: stage 4
2026-01-26 12:28:04,830 - GameStatus received: stage 4
2026-01-26 12:28:05,831 - GameStatus received: stage 4
2026-01-26 12:28:06,832 - GameStatus received: stage 4
2026-01-26 12:28:07,833 - GameStatus received: stage 4
2026-01-26 12:28:08,835 - GameStatus received: stage 4
2026-01-26 12:28:09,836 - GameStatus received: stage 4
2026-01-26 12:28:10,838 - GameStatus received: stage 4
2026-01-26 12:28:11,839 - GameStatus received: stage 4
2026-01-26 12:28:12,841 - GameStatus received: stage 4
2026-01-26 12:28:13,842 - GameStatus received: stage 4
2026-01-26 12:28:14,844 - GameStatus received: stage 4
2026-01-26 12:28:15,845 - GameStatus received: stage 4
2026-01-26 12:28:16,847 - GameStatus received: stage 4
2026-01-26 12:28:17,848 - GameStatus received: stage 4
2026-01-26 12:28:18,849 - GameStatus received: stage 4
2026-01-26 12:28:19,850 - GameStatus received: stage 4
2026-01-26 12:28:20,852 - GameStatus received: stage 4
2026-01-26 12:28:21,853 - GameStatus received: stage 4
2026-01-26 12:28:22,855 - GameStatus received: stage 4
2026-01-26 12:28:23,856 - GameStatus received: stage 4
2026-01-26 12:28:24,858 - GameStatus received: stage 4
2026-01-26 12:28:55,625 - Connected to MQTT server
2026-01-26 12:28:55,901 - GameStatus received: stage 4
2026-01-26 12:28:56,903 - GameStatus received: stage 4
2026-01-26 12:28:57,904 - GameStatus received: stage 4
2026-01-26 12:28:58,905 - GameStatus received: stage 4
2026-01-26 12:28:59,907 - GameStatus received: stage 4
2026-01-26 12:29:00,909 - GameStatus received: stage 4
2026-01-26 12:29:01,910 - GameStatus received: stage 4
2026-01-26 12:29:02,911 - GameStatus received: stage 4
2026-01-26 12:29:03,913 - GameStatus received: stage 4
2026-01-26 12:29:04,914 - GameStatus received: stage 4
2026-01-26 12:29:05,916 - GameStatus received: stage 4
2026-01-26 12:29:06,917 - GameStatus received: stage 4
2026-01-26 12:29:07,918 - GameStatus received: stage 4
2026-01-26 12:29:08,920 - GameStatus received: stage 4
2026-01-26 12:29:09,921 - GameStatus received: stage 4
2026-01-26 12:29:10,922 - GameStatus received: stage 4
2026-01-26 12:29:11,924 - GameStatus received: stage 4
2026-01-26 12:29:12,925 - GameStatus received: stage 4
2026-01-26 12:29:13,926 - GameStatus received: stage 4
2026-01-26 12:29:14,929 - GameStatus received: stage 4
2026-01-26 12:29:15,930 - GameStatus received: stage 4
2026-01-26 12:29:16,932 - GameStatus received: stage 4
2026-01-26 12:29:17,933 - GameStatus received: stage 4
2026-01-26 12:29:18,935 - GameStatus received: stage 4
2026-01-26 12:29:19,936 - GameStatus received: stage 4
2026-01-26 12:29:20,938 - GameStatus received: stage 4
2026-01-26 12:29:21,938 - GameStatus received: stage 4
2026-01-26 12:29:22,940 - GameStatus received: stage 4
2026-01-26 12:29:23,941 - GameStatus received: stage 4
2026-01-26 12:29:24,943 - GameStatus received: stage 4
2026-01-26 12:29:25,944 - GameStatus received: stage 4
2026-01-26 12:29:26,945 - GameStatus received: stage 4
2026-01-26 12:29:27,946 - GameStatus received: stage 4
2026-01-26 12:29:28,948 - GameStatus received: stage 4
2026-01-26 12:29:29,949 - GameStatus received: stage 4
2026-01-26 12:29:30,950 - GameStatus received: stage 4
2026-01-26 12:29:31,951 - GameStatus received: stage 4
2026-01-26 12:29:32,953 - GameStatus received: stage 4
2026-01-26 12:29:33,954 - GameStatus received: stage 4
2026-01-26 12:29:34,955 - GameStatus received: stage 4
2026-01-26 12:29:35,956 - GameStatus received: stage 4
2026-01-26 12:29:36,958 - GameStatus received: stage 4
2026-01-26 12:29:37,959 - GameStatus received: stage 4
2026-01-26 12:29:38,960 - GameStatus received: stage 4
2026-01-26 12:29:39,961 - GameStatus received: stage 4
2026-01-26 12:29:40,963 - GameStatus received: stage 4
2026-01-26 12:29:41,964 - GameStatus received: stage 4
2026-01-26 12:29:42,965 - GameStatus received: stage 4
2026-01-26 12:29:43,966 - GameStatus received: stage 4
2026-01-26 12:29:44,968 - GameStatus received: stage 4
2026-01-26 12:29:45,969 - GameStatus received: stage 4
2026-01-26 12:29:46,970 - GameStatus received: stage 4
2026-01-26 12:29:47,971 - GameStatus received: stage 4
2026-01-26 12:29:48,972 - GameStatus received: stage 4
2026-01-26 12:29:49,974 - GameStatus received: stage 4
2026-01-26 12:29:50,975 - GameStatus received: stage 4
2026-01-26 12:29:51,976 - GameStatus received: stage 4
2026-01-26 12:29:52,978 - GameStatus received: stage 4
2026-01-26 12:29:53,979 - GameStatus received: stage 4
2026-01-26 12:29:54,980 - GameStatus received: stage 4
2026-01-26 12:29:55,981 - GameStatus received: stage 4
2026-01-26 12:29:56,982 - GameStatus received: stage 4
2026-01-26 12:29:57,983 - GameStatus received: stage 4
2026-01-26 12:29:58,984 - GameStatus received: stage 4
2026-01-26 12:29:59,986 - GameStatus received: stage 4
2026-01-26 12:30:00,987 - GameStatus received: stage 4
2026-01-26 12:30:01,988 - GameStatus received: stage 4
2026-01-26 12:30:02,989 - GameStatus received: stage 4
2026-01-26 12:30:03,990 - GameStatus received: stage 4
2026-01-26 12:30:04,991 - GameStatus received: stage 4
2026-01-26 12:30:05,992 - GameStatus received: stage 4
2026-01-26 12:30:06,994 - GameStatus received: stage 4
2026-01-26 12:30:07,995 - GameStatus received: stage 4
2026-01-26 12:30:08,996 - GameStatus received: stage 4
2026-01-26 12:30:09,998 - GameStatus received: stage 4
2026-01-26 12:30:11,000 - GameStatus received: stage 4
2026-01-26 12:30:12,001 - GameStatus received: stage 4
2026-01-26 12:30:13,003 - GameStatus received: stage 4
2026-01-26 12:30:14,004 - GameStatus received: stage 4
2026-01-26 12:30:15,005 - GameStatus received: stage 4
2026-01-26 12:30:16,007 - GameStatus received: stage 4
2026-01-26 12:30:17,009 - GameStatus received: stage 4
2026-01-26 12:30:18,010 - GameStatus received: stage 4
2026-01-26 12:30:19,011 - GameStatus received: stage 4
2026-01-26 12:30:20,013 - GameStatus received: stage 4
2026-01-26 12:30:21,015 - GameStatus received: stage 4
2026-01-26 12:30:22,016 - GameStatus received: stage 4
2026-01-26 12:30:23,017 - GameStatus received: stage 4
2026-01-26 12:30:24,019 - GameStatus received: stage 4
2026-01-26 12:30:25,020 - GameStatus received: stage 4
2026-01-26 12:30:26,021 - GameStatus received: stage 4
2026-01-26 12:30:27,023 - GameStatus received: stage 4
2026-01-26 12:30:28,024 - GameStatus received: stage 4
2026-01-26 12:30:29,026 - GameStatus received: stage 4
2026-01-26 12:30:30,027 - GameStatus received: stage 4
2026-01-26 12:30:31,028 - GameStatus received: stage 4
2026-01-26 12:30:32,030 - GameStatus received: stage 4
2026-01-26 12:30:33,031 - GameStatus received: stage 4
2026-01-26 12:30:56,453 - Connected to MQTT server
2026-01-26 12:30:57,064 - GameStatus received: stage 4
2026-01-26 12:30:58,066 - GameStatus received: stage 4
2026-01-26 12:30:59,067 - GameStatus received: stage 4
2026-01-26 12:31:00,068 - GameStatus received: stage 4
2026-01-26 12:31:01,070 - GameStatus received: stage 4
2026-01-26 12:31:02,072 - GameStatus received: stage 4
2026-01-26 12:31:03,074 - GameStatus received: stage 4
2026-01-26 12:31:04,075 - GameStatus received: stage 4
2026-01-26 12:31:05,076 - GameStatus received: stage 4
2026-01-26 12:31:06,078 - GameStatus received: stage 4
2026-01-26 12:31:07,079 - GameStatus received: stage 4
2026-01-26 12:31:08,080 - GameStatus received: stage 4
2026-01-26 12:31:09,082 - GameStatus received: stage 4
2026-01-26 12:31:10,084 - GameStatus received: stage 4
2026-01-26 12:31:11,086 - GameStatus received: stage 4
2026-01-26 12:31:12,086 - GameStatus received: stage 4
2026-01-26 12:31:13,088 - GameStatus received: stage 4
2026-01-26 12:31:14,090 - GameStatus received: stage 4
2026-01-26 12:31:15,091 - GameStatus received: stage 4
2026-01-26 12:31:16,093 - GameStatus received: stage 4
2026-01-26 12:31:17,094 - GameStatus received: stage 4
2026-01-26 12:31:17,904 - Disconnected, reconnecting...
2026-01-26 12:31:56,443 - Connected to MQTT server
2026-01-26 12:31:57,151 - GameStatus received: stage 4
2026-01-26 12:31:58,152 - GameStatus received: stage 4
2026-01-26 12:31:59,153 - GameStatus received: stage 4
2026-01-26 12:32:00,154 - GameStatus received: stage 4
2026-01-26 12:32:01,156 - GameStatus received: stage 4
2026-01-26 12:32:02,157 - GameStatus received: stage 4
2026-01-26 12:32:03,158 - GameStatus received: stage 4
2026-01-26 12:32:04,160 - GameStatus received: stage 4
2026-01-26 12:32:05,161 - GameStatus received: stage 4
2026-01-26 12:32:06,162 - GameStatus received: stage 4
2026-01-26 12:32:07,164 - GameStatus received: stage 4
2026-01-26 12:32:08,165 - GameStatus received: stage 4
2026-01-26 12:32:09,166 - GameStatus received: stage 4
2026-01-26 12:32:10,169 - GameStatus received: stage 4
2026-01-26 12:32:11,169 - GameStatus received: stage 4
2026-01-26 12:32:12,171 - GameStatus received: stage 4
2026-01-26 12:32:13,173 - GameStatus received: stage 4
2026-01-26 12:32:14,174 - GameStatus received: stage 4
2026-01-26 12:32:15,175 - GameStatus received: stage 4
2026-01-26 12:32:16,176 - GameStatus received: stage 4
2026-01-26 12:32:17,178 - GameStatus received: stage 4
2026-01-26 12:32:18,179 - GameStatus received: stage 4
2026-01-26 12:32:19,181 - GameStatus received: stage 4
2026-01-26 12:32:20,182 - GameStatus received: stage 4
2026-01-26 12:32:21,183 - GameStatus received: stage 4
2026-01-26 12:32:22,184 - GameStatus received: stage 4
2026-01-26 12:32:23,185 - GameStatus received: stage 4
2026-01-26 12:32:24,187 - GameStatus received: stage 4
2026-01-26 12:32:25,188 - GameStatus received: stage 4
2026-01-26 12:32:26,189 - GameStatus received: stage 4
2026-01-26 12:32:27,191 - GameStatus received: stage 4
2026-01-26 12:32:28,192 - GameStatus received: stage 4
2026-01-26 12:32:29,193 - GameStatus received: stage 4
2026-01-26 12:32:30,195 - GameStatus received: stage 4
2026-01-26 12:32:31,196 - GameStatus received: stage 4
2026-01-26 12:32:32,198 - GameStatus received: stage 4
2026-01-26 12:32:33,199 - GameStatus received: stage 4
2026-01-26 12:32:34,200 - GameStatus received: stage 4
2026-01-26 12:32:35,202 - GameStatus received: stage 4
2026-01-26 12:32:36,204 - GameStatus received: stage 4
2026-01-26 12:32:37,205 - GameStatus received: stage 4
2026-01-26 12:32:38,207 - GameStatus received: stage 4
2026-01-26 12:32:39,208 - GameStatus received: stage 4
2026-01-26 12:32:40,209 - GameStatus received: stage 4
2026-01-26 12:32:41,210 - GameStatus received: stage 4
2026-01-26 12:32:42,211 - GameStatus received: stage 4
2026-01-26 12:32:43,213 - GameStatus received: stage 4
2026-01-26 12:32:44,214 - GameStatus received: stage 4
2026-01-26 12:32:45,215 - GameStatus received: stage 4
2026-01-26 12:32:46,217 - GameStatus received: stage 4
2026-01-26 12:32:47,218 - GameStatus received: stage 4
2026-01-26 12:32:48,219 - GameStatus received: stage 4
2026-01-26 12:32:49,221 - GameStatus received: stage 4
2026-01-26 12:32:50,222 - GameStatus received: stage 4
2026-01-26 12:32:51,223 - GameStatus received: stage 4
2026-01-26 12:32:52,224 - GameStatus received: stage 4
2026-01-26 12:32:53,226 - GameStatus received: stage 4
2026-01-26 12:32:54,227 - GameStatus received: stage 4
2026-01-26 12:32:55,228 - GameStatus received: stage 4
2026-01-26 12:32:56,229 - GameStatus received: stage 4
2026-01-26 12:32:57,230 - GameStatus received: stage 4
2026-01-26 12:32:58,232 - GameStatus received: stage 4
2026-01-26 12:32:59,233 - GameStatus received: stage 4
2026-01-26 12:33:00,234 - GameStatus received: stage 4
2026-01-26 12:33:01,236 - GameStatus received: stage 4
2026-01-26 12:33:02,237 - GameStatus received: stage 4
2026-01-26 12:33:03,238 - GameStatus received: stage 4
2026-01-26 12:33:04,240 - GameStatus received: stage 4
2026-01-26 12:33:05,241 - GameStatus received: stage 4
2026-01-26 12:33:06,242 - GameStatus received: stage 4
2026-01-26 12:33:07,244 - GameStatus received: stage 4
2026-01-26 12:33:08,245 - GameStatus received: stage 4
2026-01-26 12:33:09,245 - GameStatus received: stage 4
2026-01-26 12:33:10,247 - GameStatus received: stage 4
2026-01-26 12:33:11,248 - GameStatus received: stage 4
2026-01-26 12:33:12,250 - GameStatus received: stage 4
2026-01-26 12:33:13,251 - GameStatus received: stage 4
2026-01-26 12:33:14,253 - GameStatus received: stage 4
2026-01-26 12:33:15,254 - GameStatus received: stage 4
2026-01-26 12:33:16,255 - GameStatus received: stage 4
2026-01-26 12:33:17,257 - GameStatus received: stage 4
2026-01-26 12:33:18,258 - GameStatus received: stage 4
2026-01-26 12:33:19,259 - GameStatus received: stage 4
2026-01-26 12:33:20,261 - GameStatus received: stage 4
2026-01-26 12:33:21,262 - GameStatus received: stage 4
2026-01-26 12:33:22,264 - GameStatus received: stage 4
2026-01-26 12:33:23,265 - GameStatus received: stage 4
2026-01-26 12:33:24,267 - GameStatus received: stage 4
2026-01-26 12:33:25,268 - GameStatus received: stage 4
2026-01-26 12:33:26,269 - GameStatus received: stage 4
2026-01-26 12:33:27,271 - GameStatus received: stage 4
2026-01-26 12:33:28,272 - GameStatus received: stage 4
2026-01-26 12:33:29,273 - GameStatus received: stage 4
2026-01-26 12:33:30,274 - GameStatus received: stage 4
2026-01-26 12:33:31,275 - GameStatus received: stage 4
2026-01-26 12:33:32,277 - GameStatus received: stage 4
2026-01-26 12:33:33,278 - GameStatus received: stage 4
2026-01-26 12:33:34,279 - GameStatus received: stage 4
2026-01-26 12:33:35,281 - GameStatus received: stage 4
2026-01-26 12:33:36,282 - GameStatus received: stage 4
2026-01-26 12:33:37,284 - GameStatus received: stage 4
2026-01-26 12:33:38,285 - GameStatus received: stage 4
2026-01-26 12:33:39,287 - GameStatus received: stage 4
2026-01-26 12:33:40,288 - GameStatus received: stage 4
2026-01-26 12:33:41,289 - GameStatus received: stage 4
2026-01-26 12:33:42,290 - GameStatus received: stage 4
2026-01-26 12:33:43,292 - GameStatus received: stage 4
2026-01-26 12:33:44,293 - GameStatus received: stage 4
2026-01-26 12:33:45,295 - GameStatus received: stage 4
2026-01-26 12:33:46,296 - GameStatus received: stage 4
2026-01-26 12:33:47,297 - GameStatus received: stage 4
2026-01-26 12:33:48,299 - GameStatus received: stage 4
2026-01-26 12:33:49,300 - GameStatus received: stage 4
2026-01-26 12:33:50,301 - GameStatus received: stage 4
2026-01-26 12:33:51,303 - GameStatus received: stage 4
2026-01-26 12:33:52,304 - GameStatus received: stage 4
2026-01-26 12:33:53,306 - GameStatus received: stage 4
2026-01-26 12:33:54,307 - GameStatus received: stage 4
2026-01-26 12:33:55,308 - GameStatus received: stage 4
2026-01-26 12:33:56,310 - GameStatus received: stage 4
2026-01-26 12:33:57,310 - GameStatus received: stage 4
2026-01-26 12:33:58,312 - GameStatus received: stage 4
2026-01-26 12:33:59,313 - GameStatus received: stage 4
2026-01-26 12:34:00,314 - GameStatus received: stage 4
2026-01-26 12:34:01,315 - GameStatus received: stage 4
2026-01-26 12:34:02,317 - GameStatus received: stage 4
2026-01-26 12:34:03,318 - GameStatus received: stage 4
2026-01-26 12:34:04,319 - GameStatus received: stage 4
2026-01-26 12:34:05,320 - GameStatus received: stage 4
2026-01-26 12:34:06,322 - GameStatus received: stage 4
2026-01-26 12:34:07,323 - GameStatus received: stage 4
2026-01-26 12:34:08,324 - GameStatus received: stage 4
2026-01-26 12:34:09,325 - GameStatus received: stage 4
2026-01-26 12:34:10,327 - GameStatus received: stage 4
2026-01-26 12:34:11,328 - GameStatus received: stage 4
2026-01-26 12:34:12,329 - GameStatus received: stage 4
2026-01-26 12:34:13,331 - GameStatus received: stage 4
2026-01-26 12:34:14,332 - GameStatus received: stage 4
2026-01-26 12:34:15,333 - GameStatus received: stage 4
2026-01-26 12:34:16,334 - GameStatus received: stage 4
2026-01-26 12:34:17,336 - GameStatus received: stage 4
2026-01-26 12:34:18,337 - GameStatus received: stage 4
2026-01-26 12:34:19,338 - GameStatus received: stage 4
2026-01-26 12:34:20,339 - GameStatus received: stage 4
2026-01-26 12:34:21,341 - GameStatus received: stage 4
2026-01-26 12:34:22,342 - GameStatus received: stage 4
2026-01-26 12:34:23,343 - GameStatus received: stage 4
2026-01-26 12:34:24,344 - GameStatus received: stage 4
2026-01-26 12:34:25,346 - GameStatus received: stage 4
2026-01-26 12:34:26,346 - GameStatus received: stage 4
2026-01-26 12:34:27,347 - GameStatus received: stage 4
2026-01-26 12:34:28,348 - GameStatus received: stage 4
2026-01-26 12:34:29,350 - GameStatus received: stage 4
2026-01-26 12:34:30,351 - GameStatus received: stage 4
2026-01-26 12:34:31,352 - GameStatus received: stage 4
2026-01-26 12:34:32,353 - GameStatus received: stage 4
2026-01-26 12:34:33,354 - GameStatus received: stage 4
2026-01-26 12:34:34,356 - GameStatus received: stage 4
2026-01-26 12:34:35,358 - GameStatus received: stage 4
2026-01-26 12:34:36,359 - GameStatus received: stage 4
2026-01-26 12:34:37,360 - GameStatus received: stage 4
2026-01-26 12:34:38,362 - GameStatus received: stage 4
2026-01-26 12:34:39,363 - GameStatus received: stage 4
2026-01-26 12:34:40,365 - GameStatus received: stage 4
2026-01-26 12:34:41,366 - GameStatus received: stage 4
2026-01-26 12:34:42,368 - GameStatus received: stage 4
2026-01-26 12:34:43,369 - GameStatus received: stage 4
2026-01-26 12:34:44,371 - GameStatus received: stage 4
2026-01-26 12:34:45,372 - GameStatus received: stage 4
2026-01-26 12:34:46,374 - GameStatus received: stage 4
2026-01-26 12:34:47,375 - GameStatus received: stage 4
2026-01-26 12:34:48,376 - GameStatus received: stage 4
2026-01-26 12:34:49,378 - GameStatus received: stage 4
2026-01-26 12:34:50,379 - GameStatus received: stage 4
2026-01-26 12:34:51,381 - GameStatus received: stage 4
2026-01-26 12:34:52,382 - GameStatus received: stage 4
2026-01-26 12:34:53,384 - GameStatus received: stage 4
2026-01-26 12:34:54,386 - GameStatus received: stage 4
2026-01-26 12:34:55,387 - GameStatus received: stage 4
2026-01-26 12:34:56,388 - GameStatus received: stage 4
2026-01-26 12:34:57,390 - GameStatus received: stage 4
2026-01-26 12:34:58,391 - GameStatus received: stage 4
2026-01-26 12:34:59,392 - GameStatus received: stage 4
2026-01-26 12:35:00,394 - GameStatus received: stage 4
2026-01-26 12:35:01,395 - GameStatus received: stage 4
2026-01-26 12:35:02,397 - GameStatus received: stage 4
2026-01-26 12:35:03,398 - GameStatus received: stage 4
2026-01-26 12:35:04,399 - GameStatus received: stage 4
2026-01-26 12:35:05,401 - GameStatus received: stage 4
2026-01-26 12:35:06,402 - GameStatus received: stage 4
2026-01-26 12:35:07,404 - GameStatus received: stage 4
2026-01-26 12:35:08,405 - GameStatus received: stage 4
2026-01-26 12:35:09,407 - GameStatus received: stage 4
2026-01-26 12:35:10,408 - GameStatus received: stage 4
2026-01-26 12:35:11,409 - GameStatus received: stage 4
2026-01-26 12:35:12,411 - GameStatus received: stage 4
2026-01-26 12:35:35,238 - Connected to MQTT server
2026-01-26 12:35:35,443 - GameStatus received: stage 4
2026-01-26 12:35:36,445 - GameStatus received: stage 4
2026-01-26 12:35:37,447 - GameStatus received: stage 4
2026-01-26 12:35:38,448 - GameStatus received: stage 4
2026-01-26 12:35:39,450 - GameStatus received: stage 4
2026-01-26 12:35:40,451 - GameStatus received: stage 4
2026-01-26 12:35:41,452 - GameStatus received: stage 4
2026-01-26 12:35:42,454 - GameStatus received: stage 4
2026-01-26 12:35:43,455 - GameStatus received: stage 4
2026-01-26 12:35:44,456 - GameStatus received: stage 4
2026-01-26 12:35:45,458 - GameStatus received: stage 4
2026-01-26 12:35:46,459 - GameStatus received: stage 4
2026-01-26 12:35:47,460 - GameStatus received: stage 4
2026-01-26 12:35:48,461 - GameStatus received: stage 4
2026-01-26 12:35:49,462 - GameStatus received: stage 4
2026-01-26 12:35:50,464 - GameStatus received: stage 4
2026-01-26 12:35:51,465 - GameStatus received: stage 4
2026-01-26 12:35:52,467 - GameStatus received: stage 4
2026-01-26 12:35:53,468 - GameStatus received: stage 4
2026-01-26 12:35:54,469 - GameStatus received: stage 4
2026-01-26 12:35:55,470 - GameStatus received: stage 4
2026-01-26 12:37:25,653 - Connected to MQTT server
2026-01-26 12:37:26,597 - GameStatus received: stage 4
2026-01-26 12:37:27,599 - GameStatus received: stage 4
2026-01-26 12:37:28,600 - GameStatus received: stage 4
2026-01-26 12:37:29,602 - GameStatus received: stage 4
2026-01-26 12:37:30,603 - GameStatus received: stage 4
2026-01-26 12:37:31,605 - GameStatus received: stage 4
2026-01-26 12:37:32,606 - GameStatus received: stage 4
2026-01-26 12:37:33,607 - GameStatus received: stage 4
2026-01-26 12:37:34,609 - GameStatus received: stage 4
2026-01-26 12:37:35,611 - GameStatus received: stage 4
2026-01-26 12:37:36,612 - GameStatus received: stage 4
2026-01-26 12:37:37,614 - GameStatus received: stage 4
2026-01-26 12:37:38,615 - GameStatus received: stage 4
2026-01-26 12:37:39,616 - GameStatus received: stage 4
2026-01-26 12:37:40,618 - GameStatus received: stage 4
2026-01-26 12:37:41,619 - GameStatus received: stage 4
2026-01-26 12:37:41,877 - Disconnected, reconnecting...
2026-01-26 12:39:29,307 - Connected to MQTT server
2026-01-26 12:39:29,764 - GameStatus received: stage 4
2026-01-26 12:39:30,765 - GameStatus received: stage 4
2026-01-26 12:39:31,767 - GameStatus received: stage 4
2026-01-26 12:39:32,768 - GameStatus received: stage 4
2026-01-26 12:39:33,770 - GameStatus received: stage 4
2026-01-26 12:39:34,772 - GameStatus received: stage 4
2026-01-26 12:39:35,773 - GameStatus received: stage 4
2026-01-26 12:39:36,775 - GameStatus received: stage 4
2026-01-26 12:39:37,777 - GameStatus received: stage 4
2026-01-26 12:39:38,777 - GameStatus received: stage 4
2026-01-26 12:39:39,779 - GameStatus received: stage 4
2026-01-26 12:39:40,780 - GameStatus received: stage 4
2026-01-26 12:39:41,782 - GameStatus received: stage 4
2026-01-26 12:39:42,783 - GameStatus received: stage 4
2026-01-26 12:39:43,785 - GameStatus received: stage 4
2026-01-26 12:39:44,786 - GameStatus received: stage 4
2026-01-26 12:39:45,788 - GameStatus received: stage 4
2026-01-26 12:39:46,789 - GameStatus received: stage 4
2026-01-26 12:39:47,790 - GameStatus received: stage 4
2026-01-26 12:39:48,792 - GameStatus received: stage 4
2026-01-26 12:39:49,793 - GameStatus received: stage 4
2026-01-26 12:39:50,794 - GameStatus received: stage 4
2026-01-26 12:39:51,796 - GameStatus received: stage 4
2026-01-26 12:39:52,797 - GameStatus received: stage 4
2026-01-26 12:39:53,800 - GameStatus received: stage 4
2026-01-26 12:39:54,801 - GameStatus received: stage 4
2026-01-26 12:39:55,802 - GameStatus received: stage 4
2026-01-26 12:39:56,804 - GameStatus received: stage 4
2026-01-26 12:39:57,805 - GameStatus received: stage 4
2026-01-26 12:39:58,807 - GameStatus received: stage 4
2026-01-26 12:39:59,808 - GameStatus received: stage 4
2026-01-26 12:40:00,809 - GameStatus received: stage 4
2026-01-26 12:40:01,811 - GameStatus received: stage 4
2026-01-26 12:40:02,812 - GameStatus received: stage 4
2026-01-26 12:40:03,813 - GameStatus received: stage 4
2026-01-26 12:40:04,815 - GameStatus received: stage 4
2026-01-26 12:40:05,816 - GameStatus received: stage 4
2026-01-26 12:40:06,818 - GameStatus received: stage 4
2026-01-26 12:40:07,819 - GameStatus received: stage 4
2026-01-26 12:40:08,820 - GameStatus received: stage 4
2026-01-26 12:40:09,822 - GameStatus received: stage 4
2026-01-26 12:40:10,823 - GameStatus received: stage 4
2026-01-26 12:40:11,825 - GameStatus received: stage 4
2026-01-26 12:40:12,826 - GameStatus received: stage 4
2026-01-26 12:40:13,828 - GameStatus received: stage 4
2026-01-26 12:40:14,829 - GameStatus received: stage 4
2026-01-26 12:40:15,831 - GameStatus received: stage 4
2026-01-26 12:40:16,833 - GameStatus received: stage 4
2026-01-26 12:40:17,834 - GameStatus received: stage 4
2026-01-26 12:40:18,834 - GameStatus received: stage 4
2026-01-26 12:40:19,836 - GameStatus received: stage 4
2026-01-26 12:40:20,837 - GameStatus received: stage 4
2026-01-26 12:40:21,838 - GameStatus received: stage 4
2026-01-26 12:40:22,840 - GameStatus received: stage 4
2026-01-26 12:40:23,841 - GameStatus received: stage 4
2026-01-26 12:40:24,843 - GameStatus received: stage 4
2026-01-26 12:40:25,844 - GameStatus received: stage 4
2026-01-26 12:40:26,846 - GameStatus received: stage 4
2026-01-26 12:40:27,847 - GameStatus received: stage 4
2026-01-26 12:40:28,848 - GameStatus received: stage 4
2026-01-26 12:40:29,849 - GameStatus received: stage 4
2026-01-26 12:40:30,850 - GameStatus received: stage 4
2026-01-26 12:40:31,852 - GameStatus received: stage 4
2026-01-26 12:40:32,853 - GameStatus received: stage 4
2026-01-26 12:40:33,854 - GameStatus received: stage 4
2026-01-26 12:40:34,855 - GameStatus received: stage 4
2026-01-26 12:40:35,857 - GameStatus received: stage 4
2026-01-26 12:40:36,858 - GameStatus received: stage 4
2026-01-26 12:40:37,859 - GameStatus received: stage 4
2026-01-26 12:40:38,861 - GameStatus received: stage 4
2026-01-26 12:40:39,862 - GameStatus received: stage 4
2026-01-26 12:40:40,863 - GameStatus received: stage 4
2026-01-26 12:40:41,864 - GameStatus received: stage 4
2026-01-26 12:40:42,866 - GameStatus received: stage 4
2026-01-26 12:40:43,867 - GameStatus received: stage 4
2026-01-26 12:40:44,868 - GameStatus received: stage 4
2026-01-26 12:40:45,869 - GameStatus received: stage 4
2026-01-26 12:40:46,871 - GameStatus received: stage 4
2026-01-26 12:40:47,872 - GameStatus received: stage 4
2026-01-26 12:40:48,873 - GameStatus received: stage 4
2026-01-26 12:40:49,874 - GameStatus received: stage 4
2026-01-26 12:40:50,875 - GameStatus received: stage 4
2026-01-26 12:40:51,877 - GameStatus received: stage 4
2026-01-26 12:40:52,878 - GameStatus received: stage 4
2026-01-26 12:40:53,879 - GameStatus received: stage 4
2026-01-26 12:40:54,881 - GameStatus received: stage 4
2026-01-26 12:40:55,882 - GameStatus received: stage 4
2026-01-26 12:40:56,883 - GameStatus received: stage 4
2026-01-26 12:40:57,885 - GameStatus received: stage 4
2026-01-26 12:40:58,886 - GameStatus received: stage 4
2026-01-26 12:40:59,887 - GameStatus received: stage 4
2026-01-26 12:41:00,888 - GameStatus received: stage 4
2026-01-26 12:41:01,890 - GameStatus received: stage 4
2026-01-26 12:41:02,891 - GameStatus received: stage 4
2026-01-26 12:41:03,892 - GameStatus received: stage 4
2026-01-26 12:41:04,894 - GameStatus received: stage 4
2026-01-26 12:41:05,895 - GameStatus received: stage 4
2026-01-26 12:41:06,896 - GameStatus received: stage 4
2026-01-26 12:41:07,898 - GameStatus received: stage 4
2026-01-26 12:41:08,899 - GameStatus received: stage 4
2026-01-26 12:41:09,901 - GameStatus received: stage 4
2026-01-26 12:41:10,902 - GameStatus received: stage 4
2026-01-26 12:41:11,904 - GameStatus received: stage 4
2026-01-26 12:41:12,905 - GameStatus received: stage 4
2026-01-26 12:41:13,906 - GameStatus received: stage 4
2026-01-26 12:41:14,908 - GameStatus received: stage 4
2026-01-26 12:41:15,909 - GameStatus received: stage 4
2026-01-26 12:41:16,910 - GameStatus received: stage 4
2026-01-26 12:41:17,912 - GameStatus received: stage 4
2026-01-26 12:41:18,913 - GameStatus received: stage 4
2026-01-26 12:41:19,915 - GameStatus received: stage 4
2026-01-26 12:41:20,916 - GameStatus received: stage 4
2026-01-26 12:41:21,918 - GameStatus received: stage 4
2026-01-26 12:41:22,919 - GameStatus received: stage 4
2026-01-26 12:41:23,920 - GameStatus received: stage 4
2026-01-26 12:41:24,922 - GameStatus received: stage 4
2026-01-26 12:41:25,923 - GameStatus received: stage 4
2026-01-26 12:41:26,925 - GameStatus received: stage 4
2026-01-26 12:41:27,926 - GameStatus received: stage 4
2026-01-26 12:41:28,928 - GameStatus received: stage 4
2026-01-26 12:41:29,929 - GameStatus received: stage 4
2026-01-26 12:41:30,931 - GameStatus received: stage 4
2026-01-26 12:41:31,932 - GameStatus received: stage 4
2026-01-26 12:41:32,934 - GameStatus received: stage 4
2026-01-26 12:41:33,935 - GameStatus received: stage 4
2026-01-26 12:41:55,772 - Connected to MQTT server
2026-01-26 12:41:55,963 - GameStatus received: stage 4
2026-01-26 12:41:56,964 - GameStatus received: stage 4
2026-01-26 12:41:57,966 - GameStatus received: stage 4
2026-01-26 12:41:58,967 - GameStatus received: stage 4
2026-01-26 12:41:59,969 - GameStatus received: stage 4
2026-01-26 12:42:00,969 - GameStatus received: stage 4
2026-01-26 12:42:01,970 - GameStatus received: stage 4
2026-01-26 12:42:02,971 - GameStatus received: stage 4
2026-01-26 12:42:03,973 - GameStatus received: stage 4
2026-01-26 12:42:04,974 - GameStatus received: stage 4
2026-01-26 12:42:05,976 - GameStatus received: stage 4
2026-01-26 12:42:06,976 - GameStatus received: stage 4
2026-01-26 12:42:07,978 - GameStatus received: stage 4
2026-01-26 12:42:08,978 - GameStatus received: stage 4
2026-01-26 12:42:09,980 - GameStatus received: stage 4
2026-01-26 12:42:10,981 - GameStatus received: stage 4
2026-01-26 12:42:11,982 - GameStatus received: stage 4
2026-01-26 12:42:12,983 - GameStatus received: stage 4
2026-01-26 12:42:13,985 - GameStatus received: stage 4
2026-01-26 12:42:14,986 - GameStatus received: stage 4
2026-01-26 12:42:15,988 - GameStatus received: stage 4
2026-01-26 12:42:16,989 - GameStatus received: stage 4
2026-01-26 12:42:17,990 - GameStatus received: stage 4
2026-01-26 12:42:59,075 - Connected to MQTT server
2026-01-26 12:43:00,049 - GameStatus received: stage 4
2026-01-26 12:43:01,050 - GameStatus received: stage 4
2026-01-26 12:43:02,051 - GameStatus received: stage 4
2026-01-26 12:43:03,052 - GameStatus received: stage 4
2026-01-26 12:43:04,054 - GameStatus received: stage 4
2026-01-26 12:43:05,055 - GameStatus received: stage 4
2026-01-26 12:43:06,057 - GameStatus received: stage 4
2026-01-26 12:43:07,058 - GameStatus received: stage 4
2026-01-26 12:43:08,059 - GameStatus received: stage 4
2026-01-26 12:43:09,061 - GameStatus received: stage 4
2026-01-26 12:43:10,062 - GameStatus received: stage 4
2026-01-26 12:43:11,064 - GameStatus received: stage 4
2026-01-26 12:43:12,064 - GameStatus received: stage 4
2026-01-26 12:43:13,065 - GameStatus received: stage 4
2026-01-26 12:43:14,067 - GameStatus received: stage 4
2026-01-26 12:43:15,068 - GameStatus received: stage 4
2026-01-26 12:43:16,070 - GameStatus received: stage 4
2026-01-26 12:43:17,070 - GameStatus received: stage 4
2026-01-26 12:43:18,072 - GameStatus received: stage 4
2026-01-26 12:43:19,073 - GameStatus received: stage 4
2026-01-26 12:43:20,074 - GameStatus received: stage 4
2026-01-26 12:43:20,831 - Sent Map Target: (300.0, 500.0)
2026-01-26 12:43:21,076 - GameStatus received: stage 4
2026-01-26 12:43:22,077 - GameStatus received: stage 4
2026-01-26 12:43:22,831 - Sent Map Target: (300.0, 500.0)
2026-01-26 12:43:23,079 - GameStatus received: stage 4
2026-01-26 12:43:24,080 - GameStatus received: stage 4
2026-01-26 12:43:24,263 - Sent RemoteControl
2026-01-26 12:43:25,081 - GameStatus received: stage 4
2026-01-26 12:43:25,161 - Sent RemoteControl
2026-01-26 12:43:26,083 - GameStatus received: stage 4
2026-01-26 12:43:27,085 - GameStatus received: stage 4
2026-01-26 14:08:03,918 - Connected to MQTT server
2026-01-26 14:08:04,229 - GameStatus received: stage 4
2026-01-26 14:08:05,231 - GameStatus received: stage 4
2026-01-26 14:08:06,232 - GameStatus received: stage 4
2026-01-26 14:08:07,234 - GameStatus received: stage 4
2026-01-26 14:08:08,236 - GameStatus received: stage 4
2026-01-26 14:08:09,237 - GameStatus received: stage 4
2026-01-26 14:08:10,239 - GameStatus received: stage 4
2026-01-26 14:08:11,240 - GameStatus received: stage 4
2026-01-26 14:08:12,242 - GameStatus received: stage 4
2026-01-26 14:08:13,244 - GameStatus received: stage 4
2026-01-26 14:08:14,246 - GameStatus received: stage 4
2026-01-26 14:08:15,246 - GameStatus received: stage 4
2026-01-26 14:08:16,248 - GameStatus received: stage 4
2026-01-26 14:08:17,249 - GameStatus received: stage 4
2026-01-26 14:08:18,251 - GameStatus received: stage 4
2026-01-26 14:08:19,253 - GameStatus received: stage 4
2026-01-26 14:08:20,254 - GameStatus received: stage 4
2026-01-26 14:08:21,256 - GameStatus received: stage 4
2026-01-26 14:08:22,258 - GameStatus received: stage 4
2026-01-26 14:08:23,259 - GameStatus received: stage 4
2026-01-26 14:08:24,261 - GameStatus received: stage 4
2026-01-26 14:08:25,262 - GameStatus received: stage 4
2026-01-26 14:08:26,264 - GameStatus received: stage 4
2026-01-26 14:08:27,266 - GameStatus received: stage 4
2026-01-26 14:08:28,267 - GameStatus received: stage 4
2026-01-26 14:08:29,268 - GameStatus received: stage 4
2026-01-26 14:08:30,270 - GameStatus received: stage 4
2026-01-26 14:08:31,271 - GameStatus received: stage 4
2026-01-26 14:13:28,908 - Connected to MQTT server
2026-01-26 14:13:29,716 - GameStatus received: stage 4
2026-01-26 14:13:30,717 - GameStatus received: stage 4
2026-01-26 14:13:31,718 - GameStatus received: stage 4
2026-01-26 14:13:32,720 - GameStatus received: stage 4
2026-01-26 14:13:33,721 - GameStatus received: stage 4
2026-01-26 14:13:34,723 - GameStatus received: stage 4
2026-01-26 14:13:35,724 - GameStatus received: stage 4
2026-01-26 14:13:36,726 - GameStatus received: stage 4
2026-01-26 14:13:37,727 - GameStatus received: stage 4
2026-01-26 14:13:38,729 - GameStatus received: stage 4
2026-01-26 14:13:39,730 - GameStatus received: stage 4
2026-01-26 14:13:40,731 - GameStatus received: stage 4
2026-01-26 14:13:41,732 - GameStatus received: stage 4
2026-01-26 14:13:42,734 - GameStatus received: stage 4
2026-01-26 14:13:43,735 - GameStatus received: stage 4
2026-01-26 14:13:44,737 - GameStatus received: stage 4
2026-01-26 14:13:45,738 - GameStatus received: stage 4
2026-01-26 14:13:46,739 - GameStatus received: stage 4
2026-01-26 14:13:47,740 - GameStatus received: stage 4
2026-01-26 14:13:48,742 - GameStatus received: stage 4
2026-01-26 14:13:49,743 - GameStatus received: stage 4
2026-01-26 14:13:50,745 - GameStatus received: stage 4
2026-01-26 14:13:51,746 - GameStatus received: stage 4
2026-01-26 14:13:52,748 - GameStatus received: stage 4
2026-01-26 14:13:53,749 - GameStatus received: stage 4
2026-01-26 14:13:54,750 - GameStatus received: stage 4
2026-01-26 14:13:55,752 - GameStatus received: stage 4
2026-01-26 14:13:56,753 - GameStatus received: stage 4
2026-01-26 14:13:57,755 - GameStatus received: stage 4
2026-01-26 14:13:58,756 - GameStatus received: stage 4
2026-01-26 14:13:59,757 - GameStatus received: stage 4
2026-01-26 14:14:00,759 - GameStatus received: stage 4
2026-01-26 14:14:01,760 - GameStatus received: stage 4
2026-01-26 14:14:02,762 - GameStatus received: stage 4
2026-01-26 14:14:03,763 - GameStatus received: stage 4
2026-01-26 14:14:04,765 - GameStatus received: stage 4
2026-01-26 14:14:05,767 - GameStatus received: stage 4
2026-01-26 14:14:06,768 - GameStatus received: stage 4
2026-01-26 14:14:07,770 - GameStatus received: stage 4
2026-01-26 14:14:08,771 - GameStatus received: stage 4
2026-01-26 14:14:09,773 - GameStatus received: stage 4
2026-01-26 14:14:10,775 - GameStatus received: stage 4
2026-01-26 14:14:11,776 - GameStatus received: stage 4
2026-01-26 14:14:12,777 - GameStatus received: stage 4
2026-01-26 14:14:13,779 - GameStatus received: stage 4
2026-01-26 14:14:14,781 - GameStatus received: stage 4
2026-01-26 14:14:15,782 - GameStatus received: stage 4
2026-01-26 14:14:16,784 - GameStatus received: stage 4
2026-01-26 14:14:17,785 - GameStatus received: stage 4
2026-01-26 14:14:18,786 - GameStatus received: stage 4
2026-01-26 14:14:19,788 - GameStatus received: stage 4
2026-01-26 14:14:20,789 - GameStatus received: stage 4
2026-01-26 14:14:21,791 - GameStatus received: stage 4
2026-01-26 14:14:22,792 - GameStatus received: stage 4
2026-01-26 14:14:23,794 - GameStatus received: stage 4
2026-01-26 14:14:24,795 - GameStatus received: stage 4
2026-01-26 14:14:25,797 - GameStatus received: stage 4
2026-01-26 14:14:26,798 - GameStatus received: stage 4
2026-01-26 14:14:27,799 - GameStatus received: stage 4
2026-01-26 14:14:28,801 - GameStatus received: stage 4
2026-01-26 14:14:29,802 - GameStatus received: stage 4
2026-01-26 14:14:30,804 - GameStatus received: stage 4
2026-01-26 14:14:31,805 - GameStatus received: stage 4
2026-01-26 14:14:32,806 - GameStatus received: stage 4
2026-01-26 14:14:33,808 - GameStatus received: stage 4
2026-01-26 14:14:34,809 - GameStatus received: stage 4
2026-01-26 14:14:35,810 - GameStatus received: stage 4
2026-01-26 14:14:36,812 - GameStatus received: stage 4
2026-01-26 14:14:37,814 - GameStatus received: stage 4
2026-01-26 14:14:38,815 - GameStatus received: stage 4
2026-01-26 14:14:39,816 - GameStatus received: stage 4
2026-01-26 14:14:40,818 - GameStatus received: stage 4
2026-01-26 14:14:41,819 - GameStatus received: stage 4
2026-01-26 14:14:42,821 - GameStatus received: stage 4
2026-01-26 14:14:43,822 - GameStatus received: stage 4
2026-01-26 14:14:44,824 - GameStatus received: stage 4
2026-01-26 14:14:45,825 - GameStatus received: stage 4
2026-01-26 14:14:46,826 - GameStatus received: stage 4
2026-01-26 14:14:47,828 - GameStatus received: stage 4
2026-01-26 14:14:48,830 - GameStatus received: stage 4
2026-01-26 14:14:49,831 - GameStatus received: stage 4
2026-01-26 14:14:50,833 - GameStatus received: stage 4
2026-01-26 14:14:51,834 - GameStatus received: stage 4
2026-01-26 14:14:52,836 - GameStatus received: stage 4
2026-01-26 14:14:53,837 - GameStatus received: stage 4
2026-01-26 14:14:54,838 - GameStatus received: stage 4
2026-01-26 14:14:55,840 - GameStatus received: stage 4
2026-01-26 14:14:56,841 - GameStatus received: stage 4
2026-01-26 14:14:57,842 - GameStatus received: stage 4
2026-01-26 14:14:58,844 - GameStatus received: stage 4
2026-01-26 14:14:59,845 - GameStatus received: stage 4
2026-01-26 14:15:00,846 - GameStatus received: stage 4
2026-01-26 14:15:01,848 - GameStatus received: stage 4
2026-01-26 14:15:02,850 - GameStatus received: stage 4
2026-01-26 14:15:03,851 - GameStatus received: stage 4
2026-01-26 14:15:04,852 - GameStatus received: stage 4
2026-01-26 14:15:05,854 - GameStatus received: stage 4
2026-01-26 14:15:06,855 - GameStatus received: stage 4
2026-01-26 14:15:07,857 - GameStatus received: stage 4
2026-01-26 14:15:08,858 - GameStatus received: stage 4
2026-01-26 14:15:09,860 - GameStatus received: stage 4
2026-01-26 14:15:10,861 - GameStatus received: stage 4
2026-01-26 14:15:11,863 - GameStatus received: stage 4
2026-01-26 14:15:12,864 - GameStatus received: stage 4
2026-01-26 14:15:13,866 - GameStatus received: stage 4
2026-01-26 14:15:14,867 - GameStatus received: stage 4
2026-01-26 14:15:15,868 - GameStatus received: stage 4
2026-01-26 14:15:16,870 - GameStatus received: stage 4
2026-01-26 14:15:17,871 - GameStatus received: stage 4
2026-01-26 14:15:18,872 - GameStatus received: stage 4
2026-01-26 14:15:19,874 - GameStatus received: stage 4
2026-01-26 14:15:20,876 - GameStatus received: stage 4
2026-01-26 14:15:21,877 - GameStatus received: stage 4
2026-01-26 14:15:22,879 - GameStatus received: stage 4
2026-01-26 14:15:23,880 - GameStatus received: stage 4
2026-01-26 14:15:24,881 - GameStatus received: stage 4
2026-01-26 14:15:25,882 - GameStatus received: stage 4
2026-01-26 14:15:26,884 - GameStatus received: stage 4
2026-01-26 14:15:27,885 - GameStatus received: stage 4
2026-01-26 14:15:28,888 - GameStatus received: stage 4
2026-01-26 14:15:29,889 - GameStatus received: stage 4
2026-01-26 14:15:30,890 - GameStatus received: stage 4
2026-01-26 14:15:31,892 - GameStatus received: stage 4
2026-01-26 14:15:32,893 - GameStatus received: stage 4
2026-01-26 14:15:33,895 - GameStatus received: stage 4
2026-01-26 14:15:34,896 - GameStatus received: stage 4
2026-01-26 14:15:35,898 - GameStatus received: stage 4
2026-01-26 14:15:36,899 - GameStatus received: stage 4
2026-01-26 14:15:37,900 - GameStatus received: stage 4
2026-01-26 14:15:38,902 - GameStatus received: stage 4
2026-01-26 14:15:39,903 - GameStatus received: stage 4
2026-01-26 14:15:40,905 - GameStatus received: stage 4
2026-01-26 14:15:41,906 - GameStatus received: stage 4
2026-01-26 14:15:42,908 - GameStatus received: stage 4
2026-01-26 14:15:43,909 - GameStatus received: stage 4
2026-01-26 14:15:44,911 - GameStatus received: stage 4
2026-01-26 14:15:45,912 - GameStatus received: stage 4
2026-01-26 14:15:46,914 - GameStatus received: stage 4
2026-01-26 14:15:47,915 - GameStatus received: stage 4
2026-01-26 14:15:48,917 - GameStatus received: stage 4
2026-01-26 14:15:49,918 - GameStatus received: stage 4
2026-01-26 14:15:50,919 - GameStatus received: stage 4
2026-01-26 14:15:51,921 - GameStatus received: stage 4
2026-01-26 14:15:52,922 - GameStatus received: stage 4
2026-01-26 14:15:53,924 - GameStatus received: stage 4
2026-01-26 14:15:54,926 - GameStatus received: stage 4
2026-01-26 14:15:55,927 - GameStatus received: stage 4
2026-01-26 14:15:56,928 - GameStatus received: stage 4
2026-01-26 14:15:57,930 - GameStatus received: stage 4
2026-01-26 14:15:58,931 - GameStatus received: stage 4
2026-01-26 14:15:59,932 - GameStatus received: stage 4
2026-01-26 14:16:00,934 - GameStatus received: stage 4
2026-01-26 14:16:01,936 - GameStatus received: stage 4
2026-01-26 14:16:02,937 - GameStatus received: stage 4
2026-01-26 14:16:03,938 - GameStatus received: stage 4
2026-01-26 14:16:04,940 - GameStatus received: stage 4
2026-01-26 14:16:05,941 - GameStatus received: stage 4
2026-01-26 14:16:06,942 - GameStatus received: stage 4
2026-01-26 14:16:07,946 - GameStatus received: stage 4
2026-01-26 14:16:08,947 - GameStatus received: stage 4
2026-01-26 14:16:09,948 - GameStatus received: stage 4
2026-01-26 14:16:10,950 - GameStatus received: stage 4
2026-01-26 14:16:11,951 - GameStatus received: stage 4
2026-01-26 14:16:12,952 - GameStatus received: stage 4
2026-01-26 14:16:13,953 - GameStatus received: stage 4
2026-01-26 14:16:14,955 - GameStatus received: stage 4
2026-01-26 14:16:15,956 - GameStatus received: stage 4
2026-01-26 14:16:16,958 - GameStatus received: stage 4
2026-01-26 14:16:17,959 - GameStatus received: stage 4
2026-01-26 14:16:18,961 - GameStatus received: stage 4
2026-01-26 14:16:19,962 - GameStatus received: stage 4
2026-01-26 14:16:20,964 - GameStatus received: stage 4
2026-01-26 14:16:21,965 - GameStatus received: stage 4
2026-01-26 14:16:22,967 - GameStatus received: stage 4
2026-01-26 14:16:23,968 - GameStatus received: stage 4
2026-01-26 14:16:24,970 - GameStatus received: stage 4
2026-01-26 14:16:25,972 - GameStatus received: stage 4
2026-01-26 14:16:26,974 - GameStatus received: stage 4
2026-01-26 14:16:27,975 - GameStatus received: stage 4
2026-01-26 14:16:28,976 - GameStatus received: stage 4
2026-01-26 14:16:29,978 - GameStatus received: stage 4
2026-01-26 14:16:30,979 - GameStatus received: stage 4
2026-01-26 14:16:31,981 - GameStatus received: stage 4
2026-01-26 14:16:32,982 - GameStatus received: stage 4
2026-01-26 14:16:33,984 - GameStatus received: stage 4
2026-01-26 14:16:34,985 - GameStatus received: stage 4
2026-01-26 14:16:35,987 - GameStatus received: stage 4
2026-01-26 14:16:36,988 - GameStatus received: stage 4
2026-01-26 14:16:37,990 - GameStatus received: stage 4
2026-01-26 14:16:38,991 - GameStatus received: stage 4
2026-01-26 14:16:39,992 - GameStatus received: stage 4
2026-01-26 14:16:40,994 - GameStatus received: stage 4
2026-01-26 14:16:41,995 - GameStatus received: stage 4
2026-01-26 14:16:42,997 - GameStatus received: stage 4
2026-01-26 14:16:43,998 - GameStatus received: stage 4
2026-01-26 14:16:45,000 - GameStatus received: stage 4
2026-01-26 14:16:46,001 - GameStatus received: stage 4
2026-01-26 14:16:47,003 - GameStatus received: stage 4
2026-01-26 14:16:48,004 - GameStatus received: stage 4
2026-01-26 14:16:49,006 - GameStatus received: stage 4
2026-01-26 14:16:50,007 - GameStatus received: stage 4
2026-01-26 14:16:51,009 - GameStatus received: stage 4
2026-01-26 14:16:52,011 - GameStatus received: stage 4
2026-01-26 14:16:53,012 - GameStatus received: stage 4
2026-01-26 14:16:54,013 - GameStatus received: stage 4
2026-01-26 14:16:55,015 - GameStatus received: stage 4
2026-01-26 14:16:56,016 - GameStatus received: stage 4
2026-01-26 14:16:57,018 - GameStatus received: stage 4
2026-01-26 14:16:58,019 - GameStatus received: stage 4
2026-01-26 14:16:59,021 - GameStatus received: stage 4
2026-01-26 14:17:00,022 - GameStatus received: stage 4
2026-01-26 14:17:01,023 - GameStatus received: stage 4
2026-01-26 14:17:02,025 - GameStatus received: stage 4
2026-01-26 14:17:03,026 - GameStatus received: stage 4
2026-01-26 14:17:04,028 - GameStatus received: stage 4
2026-01-26 14:17:05,029 - GameStatus received: stage 4
2026-01-26 14:17:06,031 - GameStatus received: stage 4
2026-01-26 14:17:07,032 - GameStatus received: stage 4
2026-01-26 14:17:08,033 - GameStatus received: stage 4
2026-01-26 14:17:09,034 - GameStatus received: stage 4
2026-01-26 14:17:10,036 - GameStatus received: stage 4
2026-01-26 14:17:11,038 - GameStatus received: stage 4
2026-01-26 14:17:12,039 - GameStatus received: stage 4
2026-01-26 14:17:13,040 - GameStatus received: stage 4
2026-01-26 14:17:14,042 - GameStatus received: stage 4
2026-01-26 14:17:15,044 - GameStatus received: stage 4
2026-01-26 14:17:16,045 - GameStatus received: stage 4
2026-01-26 14:17:17,047 - GameStatus received: stage 4
2026-01-26 14:17:18,048 - GameStatus received: stage 4
2026-01-26 14:17:19,050 - GameStatus received: stage 4
2026-01-26 14:17:20,051 - GameStatus received: stage 4
2026-01-26 14:17:21,053 - GameStatus received: stage 4
2026-01-26 14:17:22,054 - GameStatus received: stage 4
2026-01-26 14:17:23,056 - GameStatus received: stage 4
2026-01-26 14:17:24,057 - GameStatus received: stage 4
2026-01-26 14:17:25,059 - GameStatus received: stage 4
2026-01-26 14:17:26,060 - GameStatus received: stage 4
2026-01-26 14:17:27,062 - GameStatus received: stage 4
2026-01-26 14:17:28,063 - GameStatus received: stage 4
2026-01-26 14:17:29,065 - GameStatus received: stage 4
2026-01-26 14:17:30,066 - GameStatus received: stage 4
2026-01-26 14:17:31,068 - GameStatus received: stage 4
2026-01-26 14:17:32,070 - GameStatus received: stage 4
2026-01-26 14:17:33,071 - GameStatus received: stage 4
2026-01-26 14:17:34,072 - GameStatus received: stage 4
2026-01-26 14:17:35,074 - GameStatus received: stage 4
2026-01-26 14:17:36,075 - GameStatus received: stage 4
2026-01-26 14:17:37,077 - GameStatus received: stage 4
2026-01-26 14:17:38,079 - GameStatus received: stage 4
2026-01-26 14:17:39,080 - GameStatus received: stage 4
2026-01-26 14:17:40,082 - GameStatus received: stage 4
2026-01-26 14:17:41,083 - GameStatus received: stage 4
2026-01-26 14:17:42,085 - GameStatus received: stage 4
2026-01-26 14:17:43,086 - GameStatus received: stage 4
2026-01-26 14:17:44,087 - GameStatus received: stage 4
2026-01-26 14:17:45,089 - GameStatus received: stage 4
2026-01-26 14:17:46,090 - GameStatus received: stage 4
2026-01-26 14:17:47,092 - GameStatus received: stage 4
2026-01-26 14:17:48,093 - GameStatus received: stage 4
2026-01-26 14:17:49,096 - GameStatus received: stage 4
2026-01-26 14:17:50,097 - GameStatus received: stage 4
2026-01-26 14:17:51,098 - GameStatus received: stage 4
2026-01-26 14:17:52,101 - GameStatus received: stage 4
2026-01-26 14:17:53,102 - GameStatus received: stage 4
2026-01-26 14:17:54,104 - GameStatus received: stage 4
2026-01-26 14:17:55,106 - GameStatus received: stage 4
2026-01-26 14:17:56,107 - GameStatus received: stage 4
2026-01-26 14:17:57,109 - GameStatus received: stage 4
2026-01-26 14:17:58,110 - GameStatus received: stage 4
2026-01-26 14:17:59,112 - GameStatus received: stage 4
2026-01-26 14:18:00,113 - GameStatus received: stage 4
2026-01-26 14:18:01,115 - GameStatus received: stage 4
2026-01-26 14:18:02,116 - GameStatus received: stage 4
2026-01-26 14:18:03,118 - GameStatus received: stage 4
2026-01-26 14:18:04,119 - GameStatus received: stage 4
2026-01-26 14:18:05,121 - GameStatus received: stage 4
2026-01-26 14:18:06,122 - GameStatus received: stage 4
2026-01-26 14:18:07,123 - GameStatus received: stage 4
2026-01-26 14:18:08,125 - GameStatus received: stage 4
2026-01-26 14:18:09,126 - GameStatus received: stage 4
2026-01-26 14:18:10,128 - GameStatus received: stage 4
2026-01-26 14:18:11,129 - GameStatus received: stage 4
2026-01-26 14:18:12,131 - GameStatus received: stage 4
2026-01-26 14:18:13,132 - GameStatus received: stage 4
2026-01-26 14:18:14,134 - GameStatus received: stage 4
2026-01-26 14:18:15,135 - GameStatus received: stage 4
2026-01-26 14:18:16,137 - GameStatus received: stage 4
2026-01-26 14:18:17,138 - GameStatus received: stage 4
2026-01-26 14:18:18,139 - GameStatus received: stage 4
2026-01-26 14:18:19,142 - GameStatus received: stage 4
2026-01-26 14:18:20,142 - GameStatus received: stage 4
2026-01-26 14:18:21,144 - GameStatus received: stage 4
2026-01-26 14:18:22,146 - GameStatus received: stage 4
2026-01-26 14:18:23,147 - GameStatus received: stage 4
2026-01-26 14:18:24,148 - GameStatus received: stage 4
2026-01-26 14:18:25,150 - GameStatus received: stage 4
2026-01-26 14:18:26,151 - GameStatus received: stage 4
2026-01-26 14:18:27,153 - GameStatus received: stage 4
2026-01-26 14:18:28,154 - GameStatus received: stage 4
2026-01-26 14:18:29,156 - GameStatus received: stage 4
2026-01-26 14:18:30,157 - GameStatus received: stage 4
2026-01-26 14:18:31,158 - GameStatus received: stage 4
2026-01-26 14:18:32,159 - GameStatus received: stage 4
2026-01-26 14:18:33,161 - GameStatus received: stage 4
2026-01-26 14:18:34,163 - GameStatus received: stage 4
2026-01-26 14:18:35,165 - GameStatus received: stage 4
2026-01-26 14:18:36,166 - GameStatus received: stage 4
2026-01-26 14:18:37,168 - GameStatus received: stage 4
2026-01-26 14:18:38,170 - GameStatus received: stage 4
2026-01-26 14:18:39,171 - GameStatus received: stage 4
2026-01-26 14:18:40,173 - GameStatus received: stage 4
2026-01-26 14:18:41,174 - GameStatus received: stage 4
2026-01-26 14:18:42,176 - GameStatus received: stage 4
2026-01-26 14:18:43,178 - GameStatus received: stage 4
2026-01-26 14:18:44,179 - GameStatus received: stage 4
2026-01-26 14:18:45,181 - GameStatus received: stage 4
2026-01-26 14:18:46,182 - GameStatus received: stage 4
2026-01-26 14:18:47,184 - GameStatus received: stage 4
2026-01-26 14:18:48,185 - GameStatus received: stage 4
2026-01-26 14:18:49,187 - GameStatus received: stage 4
2026-01-26 14:18:50,188 - GameStatus received: stage 4
2026-01-26 14:18:51,189 - GameStatus received: stage 4
2026-01-26 14:18:52,191 - GameStatus received: stage 4
2026-01-26 14:18:53,192 - GameStatus received: stage 4
2026-01-26 14:18:54,195 - GameStatus received: stage 4
2026-01-26 14:18:55,196 - GameStatus received: stage 4
2026-01-26 14:18:56,197 - GameStatus received: stage 4
2026-01-26 14:18:57,199 - GameStatus received: stage 4
2026-01-26 14:18:58,200 - GameStatus received: stage 4
2026-01-26 14:18:59,202 - GameStatus received: stage 4
2026-01-26 14:19:00,203 - GameStatus received: stage 4
2026-01-26 14:19:01,205 - GameStatus received: stage 4
2026-01-26 14:19:02,206 - GameStatus received: stage 4
2026-01-26 14:19:03,208 - GameStatus received: stage 4
2026-01-26 14:19:04,209 - GameStatus received: stage 4
2026-01-26 14:19:05,210 - GameStatus received: stage 4
2026-01-26 14:19:06,212 - GameStatus received: stage 4
2026-01-26 14:19:07,213 - GameStatus received: stage 4
2026-01-26 14:19:08,215 - GameStatus received: stage 4
2026-01-26 14:19:09,216 - GameStatus received: stage 4
2026-01-26 14:19:10,218 - GameStatus received: stage 4
2026-01-26 14:19:11,220 - GameStatus received: stage 4
2026-01-26 14:19:12,221 - GameStatus received: stage 4
2026-01-26 14:19:13,223 - GameStatus received: stage 4
2026-01-26 14:19:14,224 - GameStatus received: stage 4
2026-01-26 14:19:15,225 - GameStatus received: stage 4
2026-01-26 14:19:16,226 - GameStatus received: stage 4
2026-01-26 14:19:17,228 - GameStatus received: stage 4
2026-01-26 14:19:18,229 - GameStatus received: stage 4
2026-01-26 14:19:19,231 - GameStatus received: stage 4
2026-01-26 14:19:20,232 - GameStatus received: stage 4
2026-01-26 14:19:21,234 - GameStatus received: stage 4
2026-01-26 14:19:22,235 - GameStatus received: stage 4
2026-01-26 14:19:23,237 - GameStatus received: stage 4
2026-01-26 14:19:24,238 - GameStatus received: stage 4
2026-01-26 14:19:25,239 - GameStatus received: stage 4
2026-01-26 14:19:26,241 - GameStatus received: stage 4
2026-01-26 14:19:27,243 - GameStatus received: stage 4
2026-01-26 14:19:28,244 - GameStatus received: stage 4
2026-01-26 14:19:29,246 - GameStatus received: stage 4
2026-01-26 14:19:30,247 - GameStatus received: stage 4
2026-01-26 14:19:31,248 - GameStatus received: stage 4
2026-01-26 14:19:32,250 - GameStatus received: stage 4
2026-01-26 14:19:33,251 - GameStatus received: stage 4
2026-01-26 14:19:34,253 - GameStatus received: stage 4
2026-01-26 14:19:35,254 - GameStatus received: stage 4
2026-01-26 14:19:36,255 - GameStatus received: stage 4
2026-01-26 14:19:37,257 - GameStatus received: stage 4
2026-01-26 14:19:38,259 - GameStatus received: stage 4
2026-01-26 14:19:39,260 - GameStatus received: stage 4
2026-01-26 14:19:40,262 - GameStatus received: stage 4
2026-01-26 14:19:41,263 - GameStatus received: stage 4
2026-01-26 14:19:42,265 - GameStatus received: stage 4
2026-01-26 14:19:43,267 - GameStatus received: stage 4
2026-01-26 14:19:44,269 - GameStatus received: stage 4
2026-01-26 14:19:45,270 - GameStatus received: stage 4
2026-01-26 14:19:46,271 - GameStatus received: stage 4
2026-01-26 14:19:47,273 - GameStatus received: stage 4
2026-01-26 14:19:48,274 - GameStatus received: stage 4
2026-01-26 14:19:49,276 - GameStatus received: stage 4
2026-01-26 14:19:50,277 - GameStatus received: stage 4
2026-01-26 14:19:51,279 - GameStatus received: stage 4
2026-01-26 14:19:52,280 - GameStatus received: stage 4
2026-01-26 14:19:53,282 - GameStatus received: stage 4
2026-01-26 14:19:54,283 - GameStatus received: stage 4
2026-01-26 14:19:55,285 - GameStatus received: stage 4
2026-01-26 14:19:56,286 - GameStatus received: stage 4
2026-01-26 14:19:57,288 - GameStatus received: stage 4
2026-01-26 14:19:58,289 - GameStatus received: stage 4
2026-01-26 14:19:59,291 - GameStatus received: stage 4
2026-01-26 14:20:00,292 - GameStatus received: stage 4
2026-01-26 14:20:01,294 - GameStatus received: stage 4
2026-01-26 14:20:02,295 - GameStatus received: stage 4
2026-01-26 14:20:03,297 - GameStatus received: stage 4
2026-01-26 14:20:04,298 - GameStatus received: stage 4
2026-01-26 14:20:05,300 - GameStatus received: stage 4
2026-01-26 14:20:06,301 - GameStatus received: stage 4
2026-01-26 14:20:07,303 - GameStatus received: stage 4
2026-01-26 14:20:08,304 - GameStatus received: stage 4
2026-01-26 14:20:09,306 - GameStatus received: stage 4
2026-01-26 14:20:10,307 - GameStatus received: stage 4
2026-01-26 14:20:11,309 - GameStatus received: stage 4
2026-01-26 14:20:12,310 - GameStatus received: stage 4
2026-01-26 14:20:13,311 - GameStatus received: stage 4
2026-01-26 14:20:14,313 - GameStatus received: stage 4
2026-01-26 14:20:15,315 - GameStatus received: stage 4
2026-01-26 14:20:16,316 - GameStatus received: stage 4
2026-01-26 14:20:17,318 - GameStatus received: stage 4
2026-01-26 14:20:18,319 - GameStatus received: stage 4
2026-01-26 14:20:19,321 - GameStatus received: stage 4
2026-01-26 14:20:20,322 - GameStatus received: stage 4
2026-01-26 14:20:21,324 - GameStatus received: stage 4
2026-01-26 14:20:22,326 - GameStatus received: stage 4
2026-01-26 14:20:23,327 - GameStatus received: stage 4
2026-01-26 14:20:24,329 - GameStatus received: stage 4
2026-01-26 14:20:25,330 - GameStatus received: stage 4
2026-01-26 14:20:26,331 - GameStatus received: stage 4
2026-01-26 14:20:27,333 - GameStatus received: stage 4
2026-01-26 14:20:28,334 - GameStatus received: stage 4
2026-01-26 14:20:29,336 - GameStatus received: stage 4
2026-01-26 14:20:30,337 - GameStatus received: stage 4
2026-01-26 14:20:31,338 - GameStatus received: stage 4
