2026-01-28 18:26:54,269 - Serial receive error: list index out of range
2026-01-28 18:27:30,321 - Serial receive error: list index out of range
2026-01-28 18:27:30,461 - Serial receive error: list index out of range
2026-01-28 18:27:31,095 - Serial receive error: list index out of range
2026-01-28 18:27:32,778 - Serial receive error: list index out of range
2026-01-28 18:27:33,750 - Serial receive error: list index out of range
2026-01-28 18:27:34,634 - Serial receive error: list index out of range
2026-01-28 18:27:38,513 - Serial receive error: list index out of range
2026-01-28 18:27:42,808 - Serial receive error: list index out of range
2026-01-28 18:27:43,658 - Serial receive error: list index out of range
2026-01-28 18:27:43,718 - Serial receive error: list index out of range
2026-01-28 18:27:44,551 - Serial receive error: list index out of range
2026-01-28 18:27:47,407 - Serial receive error: list index out of range
2026-01-28 18:27:48,896 - Serial receive error: list index out of range
2026-01-28 18:27:51,172 - Serial receive error: list index out of range
2026-01-28 18:27:53,296 - Serial receive error: list index out of range
2026-01-28 18:27:54,187 - Serial receive error: list index out of range
2026-01-28 18:27:58,344 - Serial receive error: list index out of range
2026-01-28 18:28:01,981 - Serial receive error: list index out of range
2026-01-28 18:28:05,165 - Serial receive error: list index out of range
2026-01-28 18:28:06,234 - Serial receive error: list index out of range
2026-01-28 18:28:06,476 - Serial receive error: list index out of range
2026-01-28 18:28:08,908 - Serial receive error: list index out of range
2026-01-28 18:28:15,290 - Serial receive error: list index out of range
2026-01-28 18:28:16,946 - Serial receive error: list index out of range
2026-01-28 18:28:18,390 - Serial receive error: list index out of range
2026-01-28 18:28:22,671 - Serial receive error: list index out of range
2026-01-28 18:28:31,639 - Serial receive error: list index out of range
2026-01-28 18:28:31,723 - Serial receive error: list index out of range
2026-01-28 18:28:34,528 - Serial receive error: list index out of range
2026-01-28 18:28:34,976 - Serial receive error: list index out of range
2026-01-28 18:28:36,020 - Serial receive error: list index out of range
2026-01-28 18:28:37,405 - Serial receive error: list index out of range
2026-01-28 18:28:38,501 - Serial receive error: list index out of range
2026-01-28 18:28:38,633 - Serial receive error: list index out of range
2026-01-28 18:28:43,112 - Serial receive error: list index out of range
2026-01-28 18:28:43,388 - Serial receive error: list index out of range
2026-01-28 18:28:44,251 - Serial receive error: list index out of range
2026-01-28 18:28:44,883 - Serial receive error: list index out of range
2026-01-28 18:28:53,945 - Serial receive error: list index out of range
2026-01-28 18:28:54,899 - Serial receive error: list index out of range
2026-01-28 18:28:56,615 - Serial receive error: list index out of range
2026-01-28 18:28:56,925 - Serial receive error: list index out of range
2026-01-28 18:28:57,644 - Serial receive error: list index out of range
2026-01-28 18:28:58,074 - Serial receive error: list index out of range
2026-01-28 18:28:58,732 - Serial receive error: list index out of range
2026-01-28 18:29:04,205 - Serial receive error: list index out of range
2026-01-28 18:29:08,956 - Serial receive error: list index out of range
2026-01-28 18:29:09,136 - Serial receive error: list index out of range
2026-01-28 18:29:10,265 - Serial receive error: list index out of range
2026-01-28 18:29:10,555 - Serial receive error: list index out of range
2026-01-28 18:29:13,633 - Serial receive error: list index out of range
2026-01-28 18:29:14,794 - Serial receive error: list index out of range
2026-01-28 18:29:15,412 - Serial receive error: list index out of range
2026-01-28 18:29:16,528 - Serial receive error: list index out of range
2026-01-28 18:29:16,958 - Serial receive error: list index out of range
2026-01-28 18:29:18,366 - Serial receive error: list index out of range
2026-01-28 18:29:23,030 - Serial receive error: list index out of range
2026-01-28 18:29:23,126 - Serial receive error: list index out of range
2026-01-28 18:29:25,424 - Serial receive error: list index out of range
2026-01-28 18:29:26,174 - Serial receive error: list index out of range
2026-01-28 18:29:26,188 - Serial receive error: list index out of range
2026-01-28 18:29:28,099 - Serial receive error: list index out of range
2026-01-28 18:29:29,585 - Serial receive error: list index out of range
2026-01-28 18:29:31,011 - Serial receive error: list index out of range
2026-01-28 18:29:32,026 - Serial receive error: list index out of range
2026-01-28 18:29:32,288 - Serial receive error: list index out of range
2026-01-28 18:29:35,559 - Serial receive error: list index out of range
2026-01-28 18:29:38,523 - Serial receive error: list index out of range
2026-01-28 18:29:39,605 - Serial receive error: list index out of range
2026-01-28 18:29:40,774 - Serial receive error: list index out of range
2026-01-28 18:29:44,309 - Serial receive error: list index out of range
2026-01-28 18:29:50,020 - Serial receive error: list index out of range
2026-01-28 18:29:53,585 - Serial receive error: list index out of range
2026-01-28 18:30:04,457 - Serial receive error: list index out of range
2026-01-28 18:30:10,833 - Serial receive error: list index out of range
2026-01-28 18:30:12,989 - Serial receive error: list index out of range
2026-01-28 18:30:13,878 - Serial receive error: list index out of range
2026-01-28 18:30:15,904 - Serial receive error: list index out of range
2026-01-28 18:30:15,968 - Serial receive error: list index out of range
2026-01-28 18:30:18,171 - Serial receive error: list index out of range
2026-01-28 18:30:19,611 - Serial receive error: list index out of range
2026-01-28 18:30:22,334 - Serial receive error: list index out of range
2026-01-28 18:30:24,300 - Serial receive error: list index out of range
2026-01-28 18:30:26,383 - Serial receive error: list index out of range
2026-01-28 18:30:27,417 - Serial receive error: list index out of range
2026-01-28 18:30:32,882 - Serial receive error: list index out of range
2026-01-28 18:30:33,374 - Serial receive error: list index out of range
2026-01-28 18:30:36,643 - Serial receive error: list index out of range
2026-01-28 18:30:36,803 - Serial receive error: list index out of range
2026-01-28 18:30:39,544 - Serial receive error: list index out of range
2026-01-28 18:30:40,986 - Serial receive error: list index out of range
2026-01-28 18:30:42,472 - Serial receive error: list index out of range
2026-01-28 18:30:42,624 - Serial receive error: list index out of range
2026-01-28 18:30:42,738 - Serial receive error: list index out of range
2026-01-28 18:30:44,043 - Serial receive error: list index out of range
2026-01-28 18:30:44,151 - Serial receive error: list index out of range
2026-01-28 18:30:48,034 - Serial receive error: list index out of range
2026-01-28 18:30:48,600 - Serial receive error: list index out of range
2026-01-28 18:30:48,714 - Serial receive error: list index out of range
2026-01-28 18:30:52,269 - Serial receive error: list index out of range
2026-01-28 18:30:54,075 - Serial receive error: list index out of range
2026-01-28 18:30:54,179 - Serial receive error: list index out of range
2026-01-28 18:30:55,513 - Serial receive error: list index out of range
2026-01-28 18:30:55,706 - Serial receive error: list index out of range
2026-01-28 18:30:55,859 - Serial receive error: list index out of range
2026-01-28 18:30:56,634 - Serial receive error: list index out of range
2026-01-28 18:30:57,114 - Serial receive error: list index out of range
2026-01-28 18:30:59,872 - Serial receive error: list index out of range
2026-01-28 18:31:00,011 - Serial receive error: list index out of range
2026-01-28 18:31:05,776 - Serial receive error: list index out of range
2026-01-28 18:31:06,216 - Serial receive error: list index out of range
2026-01-28 18:31:06,424 - Serial receive error: list index out of range
2026-01-28 18:31:09,205 - Serial receive error: list index out of range
2026-01-28 18:31:09,473 - Serial receive error: list index out of range
2026-01-28 18:31:09,645 - Serial receive error: list index out of range
2026-01-28 18:31:10,303 - Serial receive error: list index out of range
2026-01-28 18:31:10,807 - Serial receive error: list index out of range
2026-01-28 18:31:12,481 - Serial receive error: list index out of range
2026-01-28 18:31:12,501 - Serial receive error: list index out of range
2026-01-28 18:31:12,521 - Serial receive error: list index out of range
2026-01-28 18:31:12,542 - Serial receive error: list index out of range
2026-01-28 18:31:12,563 - Serial receive error: list index out of range
2026-01-28 18:31:12,583 - Serial receive error: list index out of range
2026-01-28 18:31:12,644 - Serial receive error: list index out of range
2026-01-28 18:31:12,664 - Serial receive error: list index out of range
2026-01-28 18:31:12,675 - Serial receive error: list index out of range
2026-01-28 18:31:12,705 - Serial receive error: list index out of range
2026-01-28 18:31:12,721 - Serial receive error: list index out of range
2026-01-28 18:31:12,757 - Serial receive error: list index out of range
2026-01-28 18:31:12,769 - Serial receive error: list index out of range
2026-01-28 18:31:12,787 - Serial receive error: list index out of range
2026-01-28 18:31:12,808 - Serial receive error: list index out of range
2026-01-28 18:31:12,829 - Serial receive error: list index out of range
2026-01-28 18:31:12,849 - Serial receive error: list index out of range
2026-01-28 18:31:12,862 - Serial receive error: list index out of range
2026-01-28 18:31:12,878 - Serial receive error: list index out of range
2026-01-28 18:31:12,892 - Serial receive error: list index out of range
2026-01-28 18:31:12,916 - Serial receive error: list index out of range
2026-01-28 18:31:12,934 - Serial receive error: list index out of range
2026-01-28 18:31:12,954 - Serial receive error: list index out of range
2026-01-28 18:31:12,974 - Serial receive error: list index out of range
2026-01-28 18:31:12,986 - Serial receive error: list index out of range
2026-01-28 18:31:13,000 - Serial receive error: list index out of range
2026-01-28 18:31:13,016 - Serial receive error: list index out of range
2026-01-28 18:31:13,034 - Serial receive error: list index out of range
2026-01-28 18:31:13,050 - Serial receive error: list index out of range
2026-01-28 18:31:13,069 - Serial receive error: list index out of range
2026-01-28 18:31:13,098 - Serial receive error: list index out of range
2026-01-28 18:31:13,120 - Serial receive error: list index out of range
2026-01-28 18:31:13,142 - Serial receive error: list index out of range
2026-01-28 18:31:13,162 - Serial receive error: list index out of range
2026-01-28 18:31:13,194 - Serial receive error: list index out of range
2026-01-28 18:31:13,214 - Serial receive error: list index out of range
2026-01-28 18:31:14,238 - Serial receive error: list index out of range
2026-01-28 18:31:14,394 - Serial receive error: list index out of range
2026-01-28 18:31:14,538 - Serial receive error: list index out of range
2026-01-28 18:31:17,044 - Serial receive error: list index out of range
2026-01-28 18:31:19,265 - Serial receive error: list index out of range
2026-01-28 18:31:20,193 - Serial receive error: list index out of range
2026-01-28 18:31:23,580 - Serial receive error: list index out of range
2026-01-28 18:31:27,637 - Serial receive error: list index out of range
2026-01-28 18:31:28,255 - Serial receive error: list index out of range
2026-01-28 18:31:28,417 - Serial receive error: list index out of range
2026-01-28 18:31:32,558 - Serial receive error: list index out of range
2026-01-28 18:31:36,535 - Serial receive error: list index out of range
2026-01-28 18:31:39,190 - Serial receive error: list index out of range
2026-01-28 18:31:39,908 - Serial receive error: list index out of range
2026-01-28 18:31:40,276 - Serial receive error: list index out of range
2026-01-28 18:31:44,287 - Serial receive error: list index out of range
2026-01-28 18:31:48,200 - Serial receive error: list index out of range
2026-01-28 18:31:49,832 - Serial receive error: list index out of range
2026-01-28 18:31:50,996 - Serial receive error: list index out of range
2026-01-28 18:31:51,521 - Serial receive error: list index out of range
2026-01-28 18:31:54,095 - Serial receive error: list index out of range
2026-01-28 18:31:55,878 - Serial receive error: list index out of range
2026-01-28 18:31:58,728 - Serial receive error: list index out of range
2026-01-28 18:32:01,535 - Serial receive error: list index out of range
2026-01-28 18:32:06,912 - Serial receive error: list index out of range
2026-01-28 18:32:07,344 - Serial receive error: list index out of range
2026-01-28 18:32:07,490 - Serial receive error: list index out of range
2026-01-28 18:32:07,674 - Serial receive error: list index out of range
2026-01-28 18:32:11,401 - Serial receive error: list index out of range
2026-01-28 18:32:13,004 - Serial receive error: list index out of range
2026-01-28 18:32:13,526 - Serial receive error: list index out of range
2026-01-28 18:32:15,110 - Serial receive error: list index out of range
2026-01-28 18:32:16,263 - Serial receive error: list index out of range
2026-01-28 18:32:16,763 - Serial receive error: list index out of range
2026-01-28 18:32:20,503 - Serial receive error: list index out of range
2026-01-28 18:32:20,608 - Serial receive error: list index out of range
2026-01-28 18:32:20,677 - Serial receive error: list index out of range
2026-01-28 18:32:23,694 - Serial receive error: list index out of range
2026-01-28 18:32:24,121 - Serial receive error: list index out of range
2026-01-28 18:32:24,765 - Serial receive error: list index out of range
2026-01-28 18:32:26,037 - Serial receive error: list index out of range
2026-01-28 18:32:28,333 - Serial receive error: list index out of range
2026-01-28 18:32:28,545 - Serial receive error: list index out of range
2026-01-28 18:32:29,110 - Serial receive error: list index out of range
2026-01-28 18:32:30,500 - Serial receive error: list index out of range
2026-01-28 18:32:30,558 - Serial receive error: list index out of range
2026-01-28 18:32:31,600 - Serial receive error: list index out of range
2026-01-28 18:32:31,894 - Serial receive error: list index out of range
2026-01-28 18:32:34,973 - Serial receive error: list index out of range
2026-01-28 18:32:38,090 - Serial receive error: list index out of range
2026-01-28 18:32:38,636 - Serial receive error: list index out of range
2026-01-28 18:32:38,982 - Serial receive error: list index out of range
2026-01-28 18:32:39,532 - Serial receive error: list index out of range
2026-01-28 18:32:40,608 - Serial receive error: list index out of range
2026-01-28 18:32:40,710 - Serial receive error: list index out of range
2026-01-28 18:32:43,867 - Serial receive error: list index out of range
2026-01-28 18:32:45,265 - Serial receive error: list index out of range
2026-01-28 18:32:47,044 - Serial receive error: list index out of range
2026-01-28 18:32:48,122 - Serial receive error: list index out of range
2026-01-28 18:32:49,060 - Serial receive error: list index out of range
2026-01-28 18:32:49,716 - Serial receive error: list index out of range
2026-01-28 18:32:49,936 - Serial receive error: list index out of range
2026-01-28 18:32:49,964 - Serial receive error: list index out of range
2026-01-28 18:32:49,976 - Serial receive error: list index out of range
2026-01-28 18:32:49,993 - Serial receive error: list index out of range
2026-01-28 18:32:50,024 - Serial receive error: list index out of range
2026-01-28 18:32:50,050 - Serial receive error: list index out of range
2026-01-28 18:32:50,071 - Serial receive error: list index out of range
2026-01-28 18:32:50,249 - Serial receive error: list index out of range
2026-01-28 18:32:50,262 - Serial receive error: list index out of range
2026-01-28 18:32:53,079 - Serial receive error: list index out of range
2026-01-28 18:32:55,122 - Serial receive error: list index out of range
2026-01-28 18:32:56,928 - Serial receive error: list index out of range
2026-01-28 18:32:57,404 - Serial receive error: list index out of range
2026-01-28 18:32:59,395 - Serial receive error: list index out of range
2026-01-28 18:33:00,205 - Serial receive error: list index out of range
2026-01-28 18:33:03,228 - Serial receive error: list index out of range
2026-01-28 18:33:06,556 - Serial receive error: list index out of range
2026-01-28 18:33:08,603 - Serial receive error: list index out of range
2026-01-28 18:33:08,625 - Serial receive error: list index out of range
2026-01-28 18:33:12,414 - Serial receive error: list index out of range
2026-01-28 18:33:13,488 - Serial receive error: list index out of range
2026-01-28 18:33:13,870 - Serial receive error: list index out of range
2026-01-28 18:33:14,996 - Serial receive error: list index out of range
2026-01-28 18:33:16,385 - Serial receive error: list index out of range
2026-01-28 18:33:16,943 - Serial receive error: list index out of range
2026-01-28 18:33:19,986 - Serial receive error: list index out of range
2026-01-28 18:33:23,442 - Serial receive error: list index out of range
2026-01-28 18:33:23,935 - Serial receive error: list index out of range
2026-01-28 18:33:25,807 - Serial receive error: list index out of range
2026-01-28 18:33:28,696 - Serial receive error: list index out of range
2026-01-28 18:33:29,822 - Serial receive error: list index out of range
2026-01-28 18:33:31,152 - Serial receive error: list index out of range
2026-01-28 18:33:35,445 - Serial receive error: list index out of range
2026-01-28 18:33:37,304 - Serial receive error: list index out of range
2026-01-28 18:33:37,724 - Serial receive error: list index out of range
2026-01-28 18:33:38,610 - Serial receive error: list index out of range
2026-01-28 18:33:38,858 - Serial receive error: list index out of range
2026-01-28 18:33:40,230 - Serial receive error: list index out of range
2026-01-28 18:33:41,583 - Serial receive error: list index out of range
2026-01-28 18:33:42,647 - Serial receive error: list index out of range
2026-01-28 18:33:42,865 - Serial receive error: list index out of range
2026-01-28 18:33:43,109 - Serial receive error: list index out of range
2026-01-28 18:33:43,669 - Serial receive error: list index out of range
2026-01-28 18:33:44,615 - Serial receive error: list index out of range
2026-01-28 18:33:44,993 - Serial receive error: list index out of range
2026-01-28 18:33:46,018 - Serial receive error: list index out of range
2026-01-28 18:33:46,576 - Serial receive error: list index out of range
2026-01-28 18:33:46,636 - Serial receive error: list index out of range
2026-01-28 18:33:48,464 - Serial receive error: list index out of range
2026-01-28 18:33:50,513 - Serial receive error: list index out of range
2026-01-28 18:33:51,051 - Serial receive error: list index out of range
2026-01-28 18:33:51,521 - Serial receive error: list index out of range
2026-01-28 18:33:53,195 - Serial receive error: list index out of range
2026-01-28 18:33:53,712 - Serial receive error: list index out of range
2026-01-28 18:33:53,968 - Serial receive error: list index out of range
2026-01-28 18:33:53,980 - Serial receive error: list index out of range
2026-01-28 18:33:54,050 - Serial receive error: list index out of range
2026-01-28 18:33:54,070 - Serial receive error: list index out of range
2026-01-28 18:33:54,094 - Serial receive error: list index out of range
2026-01-28 18:33:54,112 - Serial receive error: list index out of range
2026-01-28 18:33:54,132 - Serial receive error: list index out of range
2026-01-28 18:34:01,483 - Serial receive error: list index out of range
2026-01-28 18:34:03,578 - Serial receive error: list index out of range
2026-01-28 18:34:04,742 - Serial receive error: list index out of range
2026-01-28 18:34:05,484 - Serial receive error: list index out of range
2026-01-28 18:34:07,659 - Serial receive error: list index out of range
2026-01-28 18:34:11,104 - Serial receive error: list index out of range
2026-01-28 18:34:11,678 - Serial receive error: list index out of range
2026-01-28 18:34:12,408 - Serial receive error: list index out of range
2026-01-28 18:34:14,078 - Serial receive error: list index out of range
2026-01-28 18:34:16,615 - Serial receive error: list index out of range
2026-01-28 18:34:18,835 - Serial receive error: list index out of range
2026-01-28 18:34:21,922 - Serial receive error: list index out of range
2026-01-28 18:34:25,021 - Serial receive error: list index out of range
2026-01-28 18:34:25,205 - Serial receive error: list index out of range
2026-01-28 18:34:27,424 - Serial receive error: list index out of range
2026-01-28 18:34:30,484 - Serial receive error: list index out of range
2026-01-28 18:34:33,673 - Serial receive error: list index out of range
2026-01-28 18:34:34,929 - Serial receive error: list index out of range
2026-01-28 18:34:37,600 - Serial receive error: list index out of range
2026-01-28 18:34:40,072 - Serial receive error: list index out of range
2026-01-28 18:34:41,705 - Serial receive error: list index out of range
2026-01-28 18:34:45,840 - Serial receive error: list index out of range
2026-01-28 18:34:46,620 - Serial receive error: list index out of range
2026-01-28 18:34:49,137 - Serial receive error: list index out of range
2026-01-28 18:34:50,125 - Serial receive error: list index out of range
2026-01-28 18:34:51,005 - Serial receive error: list index out of range
2026-01-28 18:34:55,134 - Serial receive error: list index out of range
2026-01-28 18:34:58,841 - Serial receive error: list index out of range
2026-01-28 18:34:59,047 - Serial receive error: list index out of range
2026-01-28 18:34:59,859 - Serial receive error: list index out of range
2026-01-28 18:35:04,326 - Serial receive error: list index out of range
2026-01-28 18:35:06,623 - Serial receive error: list index out of range
2026-01-28 18:35:07,487 - Serial receive error: list index out of range
2026-01-28 18:35:10,262 - Serial receive error: list index out of range
2026-01-28 18:35:14,351 - Serial receive error: list index out of range
2026-01-28 18:35:15,861 - Serial receive error: list index out of range
2026-01-28 18:35:16,153 - Serial receive error: list index out of range
2026-01-28 18:35:16,909 - Serial receive error: list index out of range
2026-01-28 18:35:18,418 - Serial receive error: list index out of range
2026-01-28 18:35:19,250 - Serial receive error: list index out of range
2026-01-28 18:35:19,640 - Serial receive error: list index out of range
2026-01-28 18:35:22,613 - Serial receive error: list index out of range
2026-01-28 18:35:22,706 - Serial receive error: list index out of range
2026-01-28 18:35:23,309 - Serial receive error: list index out of range
2026-01-28 18:35:27,936 - Serial receive error: list index out of range
2026-01-28 18:35:28,426 - Serial receive error: list index out of range
2026-01-28 18:35:30,622 - Serial receive error: list index out of range
2026-01-28 18:35:30,652 - Serial receive error: list index out of range
2026-01-28 18:35:30,666 - Serial receive error: list index out of range
2026-01-28 18:35:30,704 - Serial receive error: list index out of range
2026-01-28 18:35:30,724 - Serial receive error: list index out of range
2026-01-28 18:35:30,738 - Serial receive error: list index out of range
2026-01-28 18:35:30,776 - Serial receive error: list index out of range
2026-01-28 18:35:30,788 - Serial receive error: list index out of range
2026-01-28 18:35:30,805 - Serial receive error: list index out of range
2026-01-28 18:35:30,822 - Serial receive error: list index out of range
2026-01-28 18:35:30,874 - Serial receive error: list index out of range
2026-01-28 18:35:30,889 - Serial receive error: list index out of range
2026-01-28 18:35:30,911 - Serial receive error: list index out of range
2026-01-28 18:35:30,931 - Serial receive error: list index out of range
2026-01-28 18:35:30,953 - Serial receive error: list index out of range
2026-01-28 18:35:31,071 - Serial receive error: list index out of range
2026-01-28 18:35:31,100 - Serial receive error: list index out of range
2026-01-28 18:35:31,117 - Serial receive error: list index out of range
2026-01-28 18:35:31,175 - Serial receive error: list index out of range
2026-01-28 18:35:31,219 - Serial receive error: list index out of range
2026-01-28 18:35:31,263 - Serial receive error: list index out of range
2026-01-28 18:35:31,285 - Serial receive error: list index out of range
2026-01-28 18:35:31,305 - Serial receive error: list index out of range
2026-01-28 18:35:31,327 - Serial receive error: list index out of range
2026-01-28 18:35:31,345 - Serial receive error: list index out of range
2026-01-28 18:35:31,389 - Serial receive error: list index out of range
2026-01-28 18:35:31,449 - Serial receive error: list index out of range
2026-01-28 18:35:31,479 - Serial receive error: list index out of range
2026-01-28 18:35:31,495 - Serial receive error: list index out of range
2026-01-28 18:35:31,511 - Serial receive error: list index out of range
2026-01-28 18:35:31,545 - Serial receive error: list index out of range
2026-01-28 18:35:40,605 - Serial receive error: list index out of range
2026-01-28 18:35:40,677 - Serial receive error: list index out of range
2026-01-28 18:35:41,275 - Serial receive error: list index out of range
2026-01-28 18:35:42,637 - Serial receive error: list index out of range
2026-01-28 18:35:43,676 - Serial receive error: list index out of range
2026-01-28 18:35:44,990 - Serial receive error: list index out of range
2026-01-28 18:35:50,657 - Serial receive error: list index out of range
2026-01-28 18:35:57,205 - Serial receive error: list index out of range
2026-01-28 18:35:58,211 - Serial receive error: list index out of range
2026-01-28 18:35:58,357 - Serial receive error: list index out of range
2026-01-28 18:35:59,635 - Serial receive error: list index out of range
2026-01-28 18:36:00,117 - Serial receive error: list index out of range
2026-01-28 18:36:00,936 - Serial receive error: list index out of range
2026-01-28 18:36:01,034 - Serial receive error: list index out of range
2026-01-28 18:36:01,598 - Serial receive error: list index out of range
2026-01-28 18:36:02,920 - Serial receive error: list index out of range
2026-01-28 18:36:02,980 - Serial receive error: list index out of range
2026-01-28 18:36:04,868 - Serial receive error: list index out of range
2026-01-28 18:36:06,487 - Serial receive error: list index out of range
2026-01-28 18:36:08,717 - Serial receive error: list index out of range
2026-01-28 18:36:09,672 - Serial receive error: list index out of range
2026-01-28 18:36:15,809 - Serial receive error: list index out of range
2026-01-28 18:36:17,341 - Serial receive error: list index out of range
2026-01-28 18:36:19,648 - Serial receive error: list index out of range
2026-01-28 18:36:21,344 - Serial receive error: list index out of range
2026-01-28 18:36:24,509 - Serial receive error: list index out of range
2026-01-28 18:36:25,719 - Serial receive error: list index out of range
2026-01-28 18:36:28,006 - Serial receive error: list index out of range
2026-01-28 18:36:29,540 - Serial receive error: list index out of range
2026-01-28 18:36:30,352 - Serial receive error: list index out of range
2026-01-28 18:36:31,607 - Serial receive error: list index out of range
2026-01-28 18:36:33,093 - Serial receive error: list index out of range
2026-01-28 18:36:33,763 - Serial receive error: list index out of range
2026-01-28 18:36:35,388 - Serial receive error: list index out of range
2026-01-28 18:36:37,768 - Serial receive error: list index out of range
2026-01-28 18:36:45,716 - Serial receive error: list index out of range
2026-01-28 18:36:48,305 - Serial receive error: list index out of range
2026-01-28 18:36:50,335 - Serial receive error: list index out of range
2026-01-28 18:36:50,721 - Serial receive error: list index out of range
2026-01-28 18:36:53,108 - Serial receive error: list index out of range
2026-01-28 18:36:53,146 - Serial receive error: list index out of range
2026-01-28 18:36:54,098 - Serial receive error: list index out of range
2026-01-28 18:36:54,168 - Serial receive error: list index out of range
2026-01-28 18:36:55,540 - Serial receive error: list index out of range
2026-01-28 18:36:59,428 - Serial receive error: list index out of range
2026-01-28 18:36:59,561 - Serial receive error: list index out of range
2026-01-28 18:36:59,623 - Serial receive error: list index out of range
2026-01-28 18:37:01,242 - Serial receive error: list index out of range
2026-01-28 18:37:01,610 - Serial receive error: list index out of range
2026-01-28 18:37:03,020 - Serial receive error: list index out of range
2026-01-28 18:37:06,717 - Serial receive error: list index out of range
2026-01-28 18:37:07,087 - Serial receive error: list index out of range
2026-01-28 18:37:08,288 - Serial receive error: list index out of range
2026-01-28 18:37:09,136 - Serial receive error: list index out of range
2026-01-28 18:37:09,210 - Serial receive error: list index out of range
2026-01-28 18:37:10,026 - Serial receive error: list index out of range
2026-01-28 18:37:11,948 - Serial receive error: list index out of range
2026-01-28 18:37:14,105 - Serial receive error: list index out of range
2026-01-28 18:37:16,201 - Serial receive error: list index out of range
2026-01-28 18:37:16,776 - Serial receive error: list index out of range
2026-01-28 18:37:16,974 - Serial receive error: list index out of range
2026-01-28 18:37:18,030 - Serial receive error: list index out of range
2026-01-28 18:37:20,152 - Serial receive error: list index out of range
2026-01-28 18:37:21,355 - Serial receive error: list index out of range
2026-01-28 18:37:22,141 - Serial receive error: list index out of range
2026-01-28 18:37:23,699 - Serial receive error: list index out of range
2026-01-28 18:37:24,783 - Serial receive error: list index out of range
2026-01-28 18:37:26,764 - Serial receive error: list index out of range
2026-01-28 18:37:29,965 - Serial receive error: list index out of range
2026-01-28 18:37:31,603 - Serial receive error: list index out of range
2026-01-28 18:37:33,377 - Serial receive error: list index out of range
2026-01-28 18:37:36,558 - Serial receive error: list index out of range
2026-01-28 18:37:38,124 - Serial receive error: list index out of range
2026-01-28 18:37:40,979 - Serial receive error: list index out of range
2026-01-28 18:37:41,033 - Serial receive error: list index out of range
2026-01-28 18:37:41,317 - Serial receive error: list index out of range
2026-01-28 18:37:42,037 - Serial receive error: list index out of range
2026-01-28 18:37:42,782 - Serial receive error: list index out of range
2026-01-28 18:37:44,288 - Serial receive error: list index out of range
2026-01-28 18:37:44,536 - Serial receive error: list index out of range
2026-01-28 18:37:45,032 - Serial receive error: list index out of range
2026-01-28 18:37:45,302 - Serial receive error: list index out of range
2026-01-28 18:37:45,770 - Serial receive error: list index out of range
2026-01-28 18:37:46,302 - Serial receive error: list index out of range
2026-01-28 18:37:47,447 - Serial receive error: list index out of range
2026-01-28 18:37:48,607 - Serial receive error: list index out of range
2026-01-28 18:37:49,941 - Serial receive error: list index out of range
2026-01-28 18:37:52,490 - Serial receive error: list index out of range
2026-01-28 18:37:53,340 - Serial receive error: list index out of range
2026-01-28 18:38:04,141 - Serial receive error: list index out of range
2026-01-28 18:38:05,207 - Serial receive error: list index out of range
2026-01-28 18:38:05,255 - Serial receive error: list index out of range
2026-01-28 18:38:05,729 - Serial receive error: list index out of range
2026-01-28 18:38:08,530 - Serial receive error: list index out of range
2026-01-28 18:38:13,067 - Serial receive error: list index out of range
2026-01-28 18:38:13,813 - Serial receive error: list index out of range
2026-01-28 18:38:16,960 - Serial receive error: list index out of range
2026-01-28 18:38:17,170 - Serial receive error: list index out of range
2026-01-28 18:38:17,410 - Serial receive error: list index out of range
2026-01-28 18:38:18,794 - Serial receive error: list index out of range
2026-01-28 18:38:18,910 - Serial receive error: list index out of range
2026-01-28 18:38:18,952 - Serial receive error: list index out of range
2026-01-28 18:38:20,044 - Serial receive error: list index out of range
2026-01-28 18:38:20,727 - Serial receive error: list index out of range
2026-01-28 18:38:22,745 - Serial receive error: list index out of range
2026-01-28 18:38:26,457 - Serial receive error: list index out of range
2026-01-28 18:38:29,201 - Serial receive error: list index out of range
2026-01-28 18:38:33,662 - Serial receive error: list index out of range
2026-01-28 18:38:36,138 - Serial receive error: list index out of range
2026-01-28 18:38:39,935 - Serial receive error: list index out of range
2026-01-28 18:38:40,431 - Serial receive error: list index out of range
2026-01-28 18:38:40,915 - Serial receive error: list index out of range
2026-01-28 18:38:41,470 - Serial receive error: list index out of range
2026-01-28 18:38:42,826 - Serial receive error: list index out of range
2026-01-28 18:48:37,111 - Serial port /dev/ttyACM0 opened successfully (Baud: 115200)
2026-01-28 18:48:37,112 - UDP video receiver started on port 3334
2026-01-28 18:48:37,113 - Serial client running - Port: /dev/ttyACM0, Stage: Unknown, Red score: 0
2026-01-28 18:48:38,216 - Serial client running - Port: /dev/ttyACM0, Stage: Unknown, Red score: 0
2026-01-28 18:48:39,217 - Serial client running - Port: /dev/ttyACM0, Stage: Unknown, Red score: 0
2026-01-28 18:48:40,091 - Serial receive error: list index out of range
2026-01-28 18:48:40,218 - Serial client running - Port: /dev/ttyACM0, Stage: Unknown, Red score: 0
2026-01-28 18:48:41,219 - Serial client running - Port: /dev/ttyACM0, Stage: Unknown, Red score: 0
2026-01-28 18:48:42,220 - Serial client running - Port: /dev/ttyACM0, Stage: Unknown, Red score: 0
2026-01-28 18:48:43,221 - Serial client running - Port: /dev/ttyACM0, Stage: Unknown, Red score: 0
2026-01-28 18:48:44,222 - Serial client running - Port: /dev/ttyACM0, Stage: Unknown, Red score: 0
2026-01-28 18:48:45,223 - Serial client running - Port: /dev/ttyACM0, Stage: Unknown, Red score: 0
2026-01-28 18:48:46,224 - Serial client running - Port: /dev/ttyACM0, Stage: Unknown, Red score: 0
2026-01-28 18:48:47,225 - Serial client running - Port: /dev/ttyACM0, Stage: Unknown, Red score: 0
2026-01-28 18:48:48,226 - Serial client running - Port: /dev/ttyACM0, Stage: Unknown, Red score: 0
2026-01-28 18:48:49,227 - Serial client running - Port: /dev/ttyACM0, Stage: Unknown, Red score: 0
2026-01-28 18:48:49,895 - Serial receive error: list index out of range
2026-01-28 18:48:49,967 - Serial receive error: list index out of range
2026-01-28 18:48:50,228 - Serial client running - Port: /dev/ttyACM0, Stage: Unknown, Red score: 0
2026-01-28 18:48:51,229 - Serial client running - Port: /dev/ttyACM0, Stage: Unknown, Red score: 0
2026-01-28 18:48:51,442 - Serial receive error: list index out of range
2026-01-28 18:48:52,230 - Serial client running - Port: /dev/ttyACM0, Stage: Unknown, Red score: 0
2026-01-28 18:48:52,805 - Serial receive error: list index out of range
2026-01-28 18:48:53,231 - Serial client running - Port: /dev/ttyACM0, Stage: Unknown, Red score: 0
2026-01-28 18:48:54,232 - Serial client running - Port: /dev/ttyACM0, Stage: Unknown, Red score: 0
2026-01-28 18:48:54,411 - Serial receive error: list index out of range
2026-01-28 18:48:55,233 - Serial client running - Port: /dev/ttyACM0, Stage: Unknown, Red score: 0
2026-01-28 18:48:56,234 - Serial client running - Port: /dev/ttyACM0, Stage: Unknown, Red score: 0
2026-01-28 18:48:57,235 - Serial client running - Port: /dev/ttyACM0, Stage: Unknown, Red score: 0
2026-01-28 18:48:57,622 - Serial receive error: list index out of range
2026-01-28 18:48:58,236 - Serial client running - Port: /dev/ttyACM0, Stage: Unknown, Red score: 0
2026-01-28 18:48:59,237 - Serial client running - Port: /dev/ttyACM0, Stage: Unknown, Red score: 0
2026-01-28 18:49:00,238 - Serial client running - Port: /dev/ttyACM0, Stage: Unknown, Red score: 0
2026-01-28 18:49:00,923 - Serial receive error: list index out of range
2026-01-28 18:49:01,239 - Serial client running - Port: /dev/ttyACM0, Stage: Unknown, Red score: 0
2026-01-28 18:49:02,240 - Serial client running - Port: /dev/ttyACM0, Stage: Unknown, Red score: 0
2026-01-28 18:49:03,241 - Serial client running - Port: /dev/ttyACM0, Stage: Unknown, Red score: 0
2026-01-28 18:49:04,028 - Serial receive error: list index out of range
2026-01-28 18:49:04,242 - Serial client running - Port: /dev/ttyACM0, Stage: Unknown, Red score: 0
2026-01-28 18:49:04,575 - Serial receive error: list index out of range
2026-01-28 18:49:05,243 - Serial client running - Port: /dev/ttyACM0, Stage: Unknown, Red score: 0
2026-01-28 18:49:06,244 - Serial client running - Port: /dev/ttyACM0, Stage: Unknown, Red score: 0
2026-01-28 18:49:07,245 - Serial client running - Port: /dev/ttyACM0, Stage: Unknown, Red score: 0
2026-01-28 18:49:08,158 - Serial receive error: list index out of range
2026-01-28 18:49:08,246 - Serial client running - Port: /dev/ttyACM0, Stage: Unknown, Red score: 0
2026-01-28 18:49:08,428 - Serial receive error: list index out of range
2026-01-28 18:49:09,247 - Serial client running - Port: /dev/ttyACM0, Stage: Unknown, Red score: 0
2026-01-28 18:49:10,248 - Serial client running - Port: /dev/ttyACM0, Stage: Unknown, Red score: 0
2026-01-28 18:49:11,249 - Serial client running - Port: /dev/ttyACM0, Stage: Unknown, Red score: 0
2026-01-28 18:49:12,250 - Serial client running - Port: /dev/ttyACM0, Stage: Unknown, Red score: 0
2026-01-28 18:49:13,083 - Serial receive error: list index out of range
2026-01-28 18:49:13,251 - Serial client running - Port: /dev/ttyACM0, Stage: Unknown, Red score: 0
2026-01-28 18:49:13,481 - Serial receive error: list index out of range
2026-01-28 18:49:14,252 - Serial client running - Port: /dev/ttyACM0, Stage: Unknown, Red score: 0
2026-01-28 18:49:15,253 - Serial client running - Port: /dev/ttyACM0, Stage: Unknown, Red score: 0
2026-01-28 18:49:16,231 - Serial receive error: list index out of range
2026-01-28 18:49:16,254 - Serial client running - Port: /dev/ttyACM0, Stage: Unknown, Red score: 0
2026-01-28 18:49:17,255 - Serial client running - Port: /dev/ttyACM0, Stage: Unknown, Red score: 0
2026-01-28 18:49:18,016 - Serial receive error: list index out of range
2026-01-28 18:49:18,256 - Serial client running - Port: /dev/ttyACM0, Stage: Unknown, Red score: 0
2026-01-28 18:49:19,257 - Serial client running - Port: /dev/ttyACM0, Stage: Unknown, Red score: 0
2026-01-28 18:49:19,480 - Serial receive error: list index out of range
2026-01-28 18:49:20,258 - Serial client running - Port: /dev/ttyACM0, Stage: Unknown, Red score: 0
2026-01-28 18:49:20,329 - Serial receive error: list index out of range
2026-01-28 18:49:20,359 - Serial receive error: list index out of range
2026-01-28 18:49:20,373 - Serial receive error: list index out of range
2026-01-28 18:49:20,667 - Serial receive error: list index out of range
2026-01-28 18:49:21,043 - Serial receive error: list index out of range
2026-01-28 18:49:21,259 - Serial client running - Port: /dev/ttyACM0, Stage: Unknown, Red score: 0
2026-01-28 18:49:21,533 - Serial receive error: list index out of range
2026-01-28 18:49:22,260 - Serial client running - Port: /dev/ttyACM0, Stage: Unknown, Red score: 0
2026-01-28 18:49:23,262 - Serial client running - Port: /dev/ttyACM0, Stage: Unknown, Red score: 0
2026-01-28 18:49:24,097 - Serial receive error: list index out of range
2026-01-28 18:49:24,187 - Serial receive error: list index out of range
2026-01-28 18:49:24,263 - Serial client running - Port: /dev/ttyACM0, Stage: Unknown, Red score: 0
2026-01-28 18:49:25,264 - Serial client running - Port: /dev/ttyACM0, Stage: Unknown, Red score: 0
2026-01-28 18:49:26,265 - Serial client running - Port: /dev/ttyACM0, Stage: Unknown, Red score: 0
2026-01-28 18:49:26,896 - Serial receive error: list index out of range
2026-01-28 18:49:27,026 - Serial receive error: list index out of range
2026-01-28 18:49:27,266 - Serial client running - Port: /dev/ttyACM0, Stage: Unknown, Red score: 0
2026-01-28 18:49:28,162 - Serial receive error: list index out of range
2026-01-28 18:49:28,267 - Serial client running - Port: /dev/ttyACM0, Stage: Unknown, Red score: 0
2026-01-28 18:49:28,286 - Serial receive error: list index out of range
2026-01-28 18:49:28,315 - Serial receive error: list index out of range
2026-01-28 18:49:28,397 - Serial receive error: list index out of range
2026-01-28 18:49:28,595 - Serial receive error: list index out of range
2026-01-28 18:49:29,268 - Serial client running - Port: /dev/ttyACM0, Stage: Unknown, Red score: 0
2026-01-28 18:49:30,269 - Serial client running - Port: /dev/ttyACM0, Stage: Unknown, Red score: 0
2026-01-28 18:49:30,303 - Serial receive error: list index out of range
2026-01-28 18:49:31,270 - Serial client running - Port: /dev/ttyACM0, Stage: Unknown, Red score: 0
2026-01-28 18:49:31,896 - Serial receive error: list index out of range
2026-01-28 18:49:32,271 - Serial client running - Port: /dev/ttyACM0, Stage: Unknown, Red score: 0
2026-01-28 18:49:32,809 - Serial receive error: list index out of range
2026-01-28 18:49:33,272 - Serial client running - Port: /dev/ttyACM0, Stage: Unknown, Red score: 0
2026-01-28 18:49:34,273 - Serial client running - Port: /dev/ttyACM0, Stage: Unknown, Red score: 0
2026-01-28 18:49:35,274 - Serial client running - Port: /dev/ttyACM0, Stage: Unknown, Red score: 0
2026-01-28 18:49:35,998 - Serial receive error: list index out of range
2026-01-28 18:49:36,275 - Serial client running - Port: /dev/ttyACM0, Stage: Unknown, Red score: 0
2026-01-28 18:49:37,276 - Serial client running - Port: /dev/ttyACM0, Stage: Unknown, Red score: 0
2026-01-28 18:49:38,277 - Serial client running - Port: /dev/ttyACM0, Stage: Unknown, Red score: 0
2026-01-28 18:49:39,278 - Serial client running - Port: /dev/ttyACM0, Stage: Unknown, Red score: 0
2026-01-28 18:49:40,279 - Serial client running - Port: /dev/ttyACM0, Stage: Unknown, Red score: 0
2026-01-28 18:49:41,280 - Serial client running - Port: /dev/ttyACM0, Stage: Unknown, Red score: 0
2026-01-28 18:49:41,664 - Serial receive error: list index out of range
2026-01-28 18:49:42,281 - Serial client running - Port: /dev/ttyACM0, Stage: Unknown, Red score: 0
2026-01-28 18:49:43,119 - Serial receive error: list index out of range
2026-01-28 18:49:43,282 - Serial client running - Port: /dev/ttyACM0, Stage: Unknown, Red score: 0
2026-01-28 18:49:43,845 - Serial receive error: list index out of range
2026-01-28 18:49:44,283 - Serial client running - Port: /dev/ttyACM0, Stage: Unknown, Red score: 0
2026-01-28 18:49:45,284 - Serial client running - Port: /dev/ttyACM0, Stage: Unknown, Red score: 0
2026-01-28 18:49:46,285 - Serial client running - Port: /dev/ttyACM0, Stage: Unknown, Red score: 0
2026-01-28 18:49:46,650 - Serial receive error: list index out of range
2026-01-28 18:49:47,286 - Serial client running - Port: /dev/ttyACM0, Stage: Unknown, Red score: 0
2026-01-28 18:49:48,287 - Serial client running - Port: /dev/ttyACM0, Stage: Unknown, Red score: 0
2026-01-28 18:49:48,651 - Serial receive error: list index out of range
2026-01-28 18:49:48,696 - Serial receive error: list index out of range
2026-01-28 18:49:49,288 - Serial client running - Port: /dev/ttyACM0, Stage: Unknown, Red score: 0
2026-01-28 18:49:50,289 - Serial client running - Port: /dev/ttyACM0, Stage: Unknown, Red score: 0
2026-01-28 18:49:51,290 - Serial client running - Port: /dev/ttyACM0, Stage: Unknown, Red score: 0
2026-01-28 18:49:51,459 - Serial receive error: list index out of range
2026-01-28 18:49:52,291 - Serial client running - Port: /dev/ttyACM0, Stage: Unknown, Red score: 0
2026-01-28 18:49:53,292 - Serial client running - Port: /dev/ttyACM0, Stage: Unknown, Red score: 0
2026-01-28 18:49:54,293 - Serial client running - Port: /dev/ttyACM0, Stage: Unknown, Red score: 0
2026-01-28 18:49:54,352 - Serial receive error: list index out of range
2026-01-28 18:49:55,294 - Serial client running - Port: /dev/ttyACM0, Stage: Unknown, Red score: 0
2026-01-28 18:49:56,295 - Serial client running - Port: /dev/ttyACM0, Stage: Unknown, Red score: 0
2026-01-28 18:49:57,296 - Serial client running - Port: /dev/ttyACM0, Stage: Unknown, Red score: 0
2026-01-28 18:49:57,471 - Serial receive error: list index out of range
2026-01-28 18:49:58,297 - Serial client running - Port: /dev/ttyACM0, Stage: Unknown, Red score: 0
2026-01-28 18:49:59,012 - Serial receive error: list index out of range
2026-01-28 18:49:59,298 - Serial client running - Port: /dev/ttyACM0, Stage: Unknown, Red score: 0
2026-01-28 18:50:00,299 - Serial client running - Port: /dev/ttyACM0, Stage: Unknown, Red score: 0
2026-01-28 18:50:01,300 - Serial client running - Port: /dev/ttyACM0, Stage: Unknown, Red score: 0
2026-01-28 18:50:02,301 - Serial client running - Port: /dev/ttyACM0, Stage: Unknown, Red score: 0
2026-01-28 18:50:02,329 - Serial receive error: list index out of range
2026-01-28 18:50:03,302 - Serial client running - Port: /dev/ttyACM0, Stage: Unknown, Red score: 0
2026-01-28 18:50:04,036 - Serial receive error: list index out of range
2026-01-28 18:50:04,303 - Serial client running - Port: /dev/ttyACM0, Stage: Unknown, Red score: 0
2026-01-28 18:50:05,304 - Serial client running - Port: /dev/ttyACM0, Stage: Unknown, Red score: 0
2026-01-28 18:50:06,305 - Serial client running - Port: /dev/ttyACM0, Stage: Unknown, Red score: 0
2026-01-28 18:50:06,537 - Serial receive error: list index out of range
2026-01-28 18:50:06,567 - Serial receive error: list index out of range
2026-01-28 18:50:07,306 - Serial client running - Port: /dev/ttyACM0, Stage: Unknown, Red score: 0
2026-01-28 18:50:07,678 - Serial receive error: list index out of range
2026-01-28 18:50:08,307 - Serial client running - Port: /dev/ttyACM0, Stage: Unknown, Red score: 0
2026-01-28 18:50:09,308 - Serial client running - Port: /dev/ttyACM0, Stage: Unknown, Red score: 0
2026-01-28 18:50:10,309 - Serial client running - Port: /dev/ttyACM0, Stage: Unknown, Red score: 0
2026-01-28 18:50:10,343 - Serial receive error: list index out of range
2026-01-28 18:50:11,310 - Serial client running - Port: /dev/ttyACM0, Stage: Unknown, Red score: 0
2026-01-28 18:50:12,311 - Serial client running - Port: /dev/ttyACM0, Stage: Unknown, Red score: 0
2026-01-28 18:50:13,312 - Serial client running - Port: /dev/ttyACM0, Stage: Unknown, Red score: 0
2026-01-28 18:50:13,360 - Serial receive error: list index out of range
2026-01-28 18:50:13,580 - Serial receive error: list index out of range
2026-01-28 18:50:14,044 - Serial receive error: list index out of range
2026-01-28 18:50:14,142 - Serial receive error: list index out of range
2026-01-28 18:50:14,313 - Serial client running - Port: /dev/ttyACM0, Stage: Unknown, Red score: 0
2026-01-28 18:50:15,314 - Serial client running - Port: /dev/ttyACM0, Stage: Unknown, Red score: 0
2026-01-28 18:50:15,349 - Serial receive error: list index out of range
2026-01-28 18:50:16,315 - Serial client running - Port: /dev/ttyACM0, Stage: Unknown, Red score: 0
2026-01-28 18:50:17,316 - Serial client running - Port: /dev/ttyACM0, Stage: Unknown, Red score: 0
2026-01-28 18:50:18,230 - Serial receive error: list index out of range
2026-01-28 18:50:18,317 - Serial client running - Port: /dev/ttyACM0, Stage: Unknown, Red score: 0
2026-01-28 18:50:19,318 - Serial client running - Port: /dev/ttyACM0, Stage: Unknown, Red score: 0
2026-01-28 18:50:19,631 - Serial receive error: list index out of range
2026-01-28 18:50:20,319 - Serial client running - Port: /dev/ttyACM0, Stage: Unknown, Red score: 0
2026-01-28 18:50:21,320 - Serial client running - Port: /dev/ttyACM0, Stage: Unknown, Red score: 0
2026-01-28 18:50:22,321 - Serial client running - Port: /dev/ttyACM0, Stage: Unknown, Red score: 0
2026-01-28 18:50:23,322 - Serial client running - Port: /dev/ttyACM0, Stage: Unknown, Red score: 0
2026-01-28 18:50:23,857 - Serial receive error: list index out of range
2026-01-28 18:50:24,323 - Serial client running - Port: /dev/ttyACM0, Stage: Unknown, Red score: 0
2026-01-28 18:50:25,324 - Serial client running - Port: /dev/ttyACM0, Stage: Unknown, Red score: 0
2026-01-28 18:50:25,797 - Serial receive error: list index out of range
2026-01-28 18:50:26,006 - Serial receive error: list index out of range
2026-01-28 18:50:26,325 - Serial client running - Port: /dev/ttyACM0, Stage: Unknown, Red score: 0
2026-01-28 18:50:27,326 - Serial client running - Port: /dev/ttyACM0, Stage: Unknown, Red score: 0
2026-01-28 18:50:28,327 - Serial client running - Port: /dev/ttyACM0, Stage: Unknown, Red score: 0
2026-01-28 18:50:29,207 - Serial receive error: list index out of range
2026-01-28 18:50:29,225 - Serial receive error: list index out of range
2026-01-28 18:50:29,328 - Serial client running - Port: /dev/ttyACM0, Stage: Unknown, Red score: 0
2026-01-28 18:50:30,329 - Serial client running - Port: /dev/ttyACM0, Stage: Unknown, Red score: 0
2026-01-28 18:50:31,034 - Serial receive error: list index out of range
2026-01-28 18:50:31,330 - Serial client running - Port: /dev/ttyACM0, Stage: Unknown, Red score: 0
2026-01-28 18:50:32,331 - Serial client running - Port: /dev/ttyACM0, Stage: Unknown, Red score: 0
2026-01-28 18:50:33,332 - Serial client running - Port: /dev/ttyACM0, Stage: Unknown, Red score: 0
2026-01-28 18:50:34,333 - Serial client running - Port: /dev/ttyACM0, Stage: Unknown, Red score: 0
2026-01-28 18:50:35,334 - Serial client running - Port: /dev/ttyACM0, Stage: Unknown, Red score: 0
2026-01-28 18:50:36,036 - Serial receive error: list index out of range
2026-01-28 18:50:36,335 - Serial client running - Port: /dev/ttyACM0, Stage: Unknown, Red score: 0
2026-01-28 18:50:36,556 - Serial receive error: list index out of range
2026-01-28 18:50:37,336 - Serial client running - Port: /dev/ttyACM0, Stage: Unknown, Red score: 0
2026-01-28 18:50:38,337 - Serial client running - Port: /dev/ttyACM0, Stage: Unknown, Red score: 0
2026-01-28 18:50:39,338 - Serial client running - Port: /dev/ttyACM0, Stage: Unknown, Red score: 0
2026-01-28 18:50:40,339 - Serial client running - Port: /dev/ttyACM0, Stage: Unknown, Red score: 0
2026-01-28 18:50:41,074 - Serial receive error: list index out of range
2026-01-28 18:50:41,340 - Serial client running - Port: /dev/ttyACM0, Stage: Unknown, Red score: 0
2026-01-28 18:50:42,341 - Serial client running - Port: /dev/ttyACM0, Stage: Unknown, Red score: 0
2026-01-28 18:50:43,342 - Serial client running - Port: /dev/ttyACM0, Stage: Unknown, Red score: 0
2026-01-28 18:50:43,905 - Serial receive error: list index out of range
2026-01-28 18:50:44,343 - Serial client running - Port: /dev/ttyACM0, Stage: Unknown, Red score: 0
2026-01-28 18:50:45,344 - Serial client running - Port: /dev/ttyACM0, Stage: Unknown, Red score: 0
2026-01-28 18:50:46,010 - Serial receive error: list index out of range
2026-01-28 18:50:46,345 - Serial client running - Port: /dev/ttyACM0, Stage: Unknown, Red score: 0
2026-01-28 18:50:47,346 - Serial client running - Port: /dev/ttyACM0, Stage: Unknown, Red score: 0
2026-01-28 18:50:48,347 - Serial client running - Port: /dev/ttyACM0, Stage: Unknown, Red score: 0
2026-01-28 18:50:49,348 - Serial client running - Port: /dev/ttyACM0, Stage: Unknown, Red score: 0
2026-01-28 18:50:50,349 - Serial client running - Port: /dev/ttyACM0, Stage: Unknown, Red score: 0
2026-01-28 18:50:51,350 - Serial client running - Port: /dev/ttyACM0, Stage: Unknown, Red score: 0
2026-01-28 18:50:51,669 - Serial receive error: list index out of range
2026-01-28 18:50:52,241 - Serial receive error: list index out of range
2026-01-28 18:50:52,351 - Serial client running - Port: /dev/ttyACM0, Stage: Unknown, Red score: 0
2026-01-28 18:50:52,513 - Serial receive error: list index out of range
2026-01-28 18:50:53,352 - Serial client running - Port: /dev/ttyACM0, Stage: Unknown, Red score: 0
2026-01-28 18:50:53,673 - Serial receive error: list index out of range
2026-01-28 18:50:54,328 - Serial receive error: list index out of range
2026-01-28 18:50:54,353 - Serial client running - Port: /dev/ttyACM0, Stage: Unknown, Red score: 0
2026-01-28 18:50:55,354 - Serial client running - Port: /dev/ttyACM0, Stage: Unknown, Red score: 0
2026-01-28 18:50:55,366 - Serial receive error: list index out of range
2026-01-28 18:50:56,180 - Serial receive error: list index out of range
2026-01-28 18:50:56,230 - Serial receive error: list index out of range
2026-01-28 18:50:56,355 - Serial client running - Port: /dev/ttyACM0, Stage: Unknown, Red score: 0
2026-01-28 18:50:56,653 - Serial receive error: list index out of range
2026-01-28 18:50:57,356 - Serial client running - Port: /dev/ttyACM0, Stage: Unknown, Red score: 0
2026-01-28 18:50:58,357 - Serial client running - Port: /dev/ttyACM0, Stage: Unknown, Red score: 0
2026-01-28 18:50:59,286 - Serial receive error: list index out of range
2026-01-28 18:50:59,358 - Serial client running - Port: /dev/ttyACM0, Stage: Unknown, Red score: 0
2026-01-28 18:51:00,359 - Serial client running - Port: /dev/ttyACM0, Stage: Unknown, Red score: 0
2026-01-28 18:51:00,882 - Serial receive error: list index out of range
2026-01-28 18:51:01,360 - Serial client running - Port: /dev/ttyACM0, Stage: Unknown, Red score: 0
2026-01-28 18:51:02,361 - Serial client running - Port: /dev/ttyACM0, Stage: Unknown, Red score: 0
2026-01-28 18:51:03,362 - Serial client running - Port: /dev/ttyACM0, Stage: Unknown, Red score: 0
2026-01-28 18:51:04,363 - Serial client running - Port: /dev/ttyACM0, Stage: Unknown, Red score: 0
2026-01-28 18:51:05,365 - Serial client running - Port: /dev/ttyACM0, Stage: Unknown, Red score: 0
2026-01-28 18:51:06,366 - Serial client running - Port: /dev/ttyACM0, Stage: Unknown, Red score: 0
2026-01-28 18:51:07,053 - Serial receive error: list index out of range
2026-01-28 18:51:07,367 - Serial client running - Port: /dev/ttyACM0, Stage: Unknown, Red score: 0
2026-01-28 18:51:08,368 - Serial client running - Port: /dev/ttyACM0, Stage: Unknown, Red score: 0
2026-01-28 18:51:09,369 - Serial client running - Port: /dev/ttyACM0, Stage: Unknown, Red score: 0
2026-01-28 18:51:10,219 - Serial receive error: list index out of range
2026-01-28 18:51:10,370 - Serial client running - Port: /dev/ttyACM0, Stage: Unknown, Red score: 0
2026-01-28 18:51:11,371 - Serial client running - Port: /dev/ttyACM0, Stage: Unknown, Red score: 0
2026-01-28 18:51:12,372 - Serial client running - Port: /dev/ttyACM0, Stage: Unknown, Red score: 0
2026-01-28 18:51:12,742 - Serial receive error: list index out of range
2026-01-28 18:51:13,373 - Serial client running - Port: /dev/ttyACM0, Stage: Unknown, Red score: 0
2026-01-28 18:51:14,374 - Serial client running - Port: /dev/ttyACM0, Stage: Unknown, Red score: 0
2026-01-28 18:51:15,375 - Serial client running - Port: /dev/ttyACM0, Stage: Unknown, Red score: 0
2026-01-28 18:51:16,376 - Serial client running - Port: /dev/ttyACM0, Stage: Unknown, Red score: 0
2026-01-28 18:51:17,326 - Serial receive error: list index out of range
2026-01-28 18:51:17,377 - Serial client running - Port: /dev/ttyACM0, Stage: Unknown, Red score: 0
2026-01-28 18:51:18,190 - Serial receive error: list index out of range
2026-01-28 18:51:18,378 - Serial client running - Port: /dev/ttyACM0, Stage: Unknown, Red score: 0
2026-01-28 18:51:19,379 - Serial client running - Port: /dev/ttyACM0, Stage: Unknown, Red score: 0
2026-01-28 18:51:20,380 - Serial client running - Port: /dev/ttyACM0, Stage: Unknown, Red score: 0
2026-01-28 18:51:20,795 - Serial receive error: list index out of range
2026-01-28 18:51:21,381 - Serial client running - Port: /dev/ttyACM0, Stage: Unknown, Red score: 0
2026-01-28 18:51:21,445 - Serial receive error: list index out of range
2026-01-28 18:51:22,382 - Serial client running - Port: /dev/ttyACM0, Stage: Unknown, Red score: 0
2026-01-28 18:51:23,383 - Serial client running - Port: /dev/ttyACM0, Stage: Unknown, Red score: 0
2026-01-28 18:51:24,384 - Serial client running - Port: /dev/ttyACM0, Stage: Unknown, Red score: 0
2026-01-28 18:51:25,325 - Serial receive error: list index out of range
2026-01-28 18:51:25,385 - Serial client running - Port: /dev/ttyACM0, Stage: Unknown, Red score: 0
2026-01-28 18:51:26,386 - Serial client running - Port: /dev/ttyACM0, Stage: Unknown, Red score: 0
2026-01-28 18:51:27,387 - Serial client running - Port: /dev/ttyACM0, Stage: Unknown, Red score: 0
2026-01-28 18:51:28,388 - Serial client running - Port: /dev/ttyACM0, Stage: Unknown, Red score: 0
2026-01-28 18:51:29,369 - Serial receive error: list index out of range
2026-01-28 18:51:29,389 - Serial client running - Port: /dev/ttyACM0, Stage: Unknown, Red score: 0
2026-01-28 18:51:29,939 - Serial receive error: list index out of range
2026-01-28 18:51:29,981 - Serial receive error: list index out of range
2026-01-28 18:51:30,017 - Serial receive error: list index out of range
2026-01-28 18:51:30,390 - Serial client running - Port: /dev/ttyACM0, Stage: Unknown, Red score: 0
2026-01-28 18:51:30,783 - Serial receive error: list index out of range
2026-01-28 18:51:31,391 - Serial client running - Port: /dev/ttyACM0, Stage: Unknown, Red score: 0
2026-01-28 18:51:32,236 - Serial receive error: list index out of range
2026-01-28 18:51:32,392 - Serial client running - Port: /dev/ttyACM0, Stage: Unknown, Red score: 0
2026-01-28 18:51:32,624 - Serial receive error: list index out of range
2026-01-28 18:51:33,084 - Serial receive error: list index out of range
2026-01-28 18:51:33,118 - Serial receive error: list index out of range
2026-01-28 18:51:33,393 - Serial client running - Port: /dev/ttyACM0, Stage: Unknown, Red score: 0
2026-01-28 18:51:34,394 - Serial client running - Port: /dev/ttyACM0, Stage: Unknown, Red score: 0
2026-01-28 18:51:34,523 - Serial receive error: list index out of range
2026-01-28 18:51:35,395 - Serial client running - Port: /dev/ttyACM0, Stage: Unknown, Red score: 0
2026-01-28 18:51:35,539 - Serial receive error: list index out of range
2026-01-28 18:51:36,396 - Serial client running - Port: /dev/ttyACM0, Stage: Unknown, Red score: 0
2026-01-28 18:51:37,397 - Serial client running - Port: /dev/ttyACM0, Stage: Unknown, Red score: 0
2026-01-28 18:51:37,596 - Serial receive error: list index out of range
2026-01-28 18:51:38,398 - Serial client running - Port: /dev/ttyACM0, Stage: Unknown, Red score: 0
2026-01-28 18:51:39,399 - Serial client running - Port: /dev/ttyACM0, Stage: Unknown, Red score: 0
2026-01-28 18:51:40,400 - Serial client running - Port: /dev/ttyACM0, Stage: Unknown, Red score: 0
2026-01-28 18:51:41,401 - Serial client running - Port: /dev/ttyACM0, Stage: Unknown, Red score: 0
2026-01-28 18:51:42,402 - Serial client running - Port: /dev/ttyACM0, Stage: Unknown, Red score: 0
2026-01-28 18:51:43,403 - Serial client running - Port: /dev/ttyACM0, Stage: Unknown, Red score: 0
2026-01-28 18:51:44,404 - Serial client running - Port: /dev/ttyACM0, Stage: Unknown, Red score: 0
2026-01-28 18:51:45,405 - Serial client running - Port: /dev/ttyACM0, Stage: Unknown, Red score: 0
2026-01-28 18:51:46,406 - Serial client running - Port: /dev/ttyACM0, Stage: Unknown, Red score: 0
2026-01-28 18:51:46,868 - Serial receive error: list index out of range
2026-01-28 18:51:47,407 - Serial client running - Port: /dev/ttyACM0, Stage: Unknown, Red score: 0
2026-01-28 18:51:48,408 - Serial client running - Port: /dev/ttyACM0, Stage: Unknown, Red score: 0
2026-01-28 18:51:49,409 - Serial client running - Port: /dev/ttyACM0, Stage: Unknown, Red score: 0
2026-01-28 18:51:49,992 - Serial receive error: list index out of range
2026-01-28 18:51:50,380 - Serial receive error: list index out of range
2026-01-28 18:51:50,410 - Serial client running - Port: /dev/ttyACM0, Stage: Unknown, Red score: 0
2026-01-28 18:51:50,860 - Serial receive error: list index out of range
2026-01-28 18:51:51,411 - Serial client running - Port: /dev/ttyACM0, Stage: Unknown, Red score: 0
2026-01-28 18:51:52,412 - Serial client running - Port: /dev/ttyACM0, Stage: Unknown, Red score: 0
2026-01-28 18:51:52,512 - Serial receive error: list index out of range
2026-01-28 18:51:53,413 - Serial client running - Port: /dev/ttyACM0, Stage: Unknown, Red score: 0
2026-01-28 18:51:54,414 - Serial client running - Port: /dev/ttyACM0, Stage: Unknown, Red score: 0
2026-01-28 18:51:54,727 - Serial receive error: list index out of range
2026-01-28 18:51:54,771 - Serial receive error: list index out of range
2026-01-28 18:51:55,415 - Serial client running - Port: /dev/ttyACM0, Stage: Unknown, Red score: 0
2026-01-28 18:51:55,615 - Serial receive error: list index out of range
2026-01-28 18:51:56,180 - Serial receive error: list index out of range
2026-01-28 18:51:56,416 - Serial client running - Port: /dev/ttyACM0, Stage: Unknown, Red score: 0
2026-01-28 18:51:57,417 - Serial client running - Port: /dev/ttyACM0, Stage: Unknown, Red score: 0
2026-01-28 18:51:58,418 - Serial client running - Port: /dev/ttyACM0, Stage: Unknown, Red score: 0
2026-01-28 18:51:59,419 - Serial client running - Port: /dev/ttyACM0, Stage: Unknown, Red score: 0
2026-01-28 18:52:00,420 - Serial client running - Port: /dev/ttyACM0, Stage: Unknown, Red score: 0
2026-01-28 18:52:00,881 - Serial receive error: list index out of range
2026-01-28 18:52:01,421 - Serial client running - Port: /dev/ttyACM0, Stage: Unknown, Red score: 0
2026-01-28 18:52:02,422 - Serial client running - Port: /dev/ttyACM0, Stage: Unknown, Red score: 0
2026-01-28 18:52:03,423 - Serial client running - Port: /dev/ttyACM0, Stage: Unknown, Red score: 0
2026-01-28 18:52:03,963 - Serial receive error: list index out of range
2026-01-28 18:52:04,424 - Serial client running - Port: /dev/ttyACM0, Stage: Unknown, Red score: 0
2026-01-28 18:52:05,425 - Serial client running - Port: /dev/ttyACM0, Stage: Unknown, Red score: 0
2026-01-28 18:52:06,120 - Serial receive error: list index out of range
2026-01-28 18:52:06,243 - Serial receive error: list index out of range
2026-01-28 18:52:06,426 - Serial client running - Port: /dev/ttyACM0, Stage: Unknown, Red score: 0
2026-01-28 18:52:06,596 - Serial receive error: list index out of range
2026-01-28 18:52:07,145 - Serial receive error: list index out of range
2026-01-28 18:52:07,427 - Serial client running - Port: /dev/ttyACM0, Stage: Unknown, Red score: 0
2026-01-28 18:52:07,600 - Serial receive error: list index out of range
2026-01-28 18:52:07,624 - Serial receive error: list index out of range
2026-01-28 18:52:08,428 - Serial client running - Port: /dev/ttyACM0, Stage: Unknown, Red score: 0
2026-01-28 18:52:08,647 - Serial receive error: list index out of range
2026-01-28 18:52:09,429 - Serial client running - Port: /dev/ttyACM0, Stage: Unknown, Red score: 0
2026-01-28 18:52:10,430 - Serial client running - Port: /dev/ttyACM0, Stage: Unknown, Red score: 0
2026-01-28 18:52:10,857 - Serial receive error: list index out of range
2026-01-28 18:52:11,431 - Serial client running - Port: /dev/ttyACM0, Stage: Unknown, Red score: 0
2026-01-28 18:52:12,432 - Serial client running - Port: /dev/ttyACM0, Stage: Unknown, Red score: 0
2026-01-28 18:52:13,433 - Serial client running - Port: /dev/ttyACM0, Stage: Unknown, Red score: 0
2026-01-28 18:52:13,574 - Serial receive error: list index out of range
2026-01-28 18:52:14,434 - Serial client running - Port: /dev/ttyACM0, Stage: Unknown, Red score: 0
2026-01-28 18:52:15,435 - Serial client running - Port: /dev/ttyACM0, Stage: Unknown, Red score: 0
2026-01-28 18:52:15,460 - Serial receive error: list index out of range
2026-01-28 18:52:16,436 - Serial client running - Port: /dev/ttyACM0, Stage: Unknown, Red score: 0
2026-01-28 18:52:16,804 - Serial receive error: list index out of range
2026-01-28 18:52:17,437 - Serial client running - Port: /dev/ttyACM0, Stage: Unknown, Red score: 0
2026-01-28 18:52:18,438 - Serial client running - Port: /dev/ttyACM0, Stage: Unknown, Red score: 0
2026-01-28 18:52:19,439 - Serial client running - Port: /dev/ttyACM0, Stage: Unknown, Red score: 0
2026-01-28 18:52:20,440 - Serial client running - Port: /dev/ttyACM0, Stage: Unknown, Red score: 0
2026-01-28 18:52:21,441 - Serial client running - Port: /dev/ttyACM0, Stage: Unknown, Red score: 0
2026-01-28 18:52:22,442 - Serial client running - Port: /dev/ttyACM0, Stage: Unknown, Red score: 0
2026-01-28 18:52:23,443 - Serial client running - Port: /dev/ttyACM0, Stage: Unknown, Red score: 0
2026-01-28 18:52:24,444 - Serial client running - Port: /dev/ttyACM0, Stage: Unknown, Red score: 0
2026-01-28 18:52:24,481 - Serial receive error: list index out of range
2026-01-28 18:52:25,445 - Serial client running - Port: /dev/ttyACM0, Stage: Unknown, Red score: 0
2026-01-28 18:52:26,017 - Serial receive error: list index out of range
2026-01-28 18:52:26,331 - Serial receive error: list index out of range
2026-01-28 18:52:26,446 - Serial client running - Port: /dev/ttyACM0, Stage: Unknown, Red score: 0
2026-01-28 18:52:27,447 - Serial client running - Port: /dev/ttyACM0, Stage: Unknown, Red score: 0
2026-01-28 18:52:28,448 - Serial client running - Port: /dev/ttyACM0, Stage: Unknown, Red score: 0
2026-01-28 18:52:29,449 - Serial client running - Port: /dev/ttyACM0, Stage: Unknown, Red score: 0
2026-01-28 18:52:30,183 - Serial receive error: list index out of range
2026-01-28 18:52:30,450 - Serial client running - Port: /dev/ttyACM0, Stage: Unknown, Red score: 0
2026-01-28 18:52:31,451 - Serial client running - Port: /dev/ttyACM0, Stage: Unknown, Red score: 0
2026-01-28 18:52:32,452 - Serial client running - Port: /dev/ttyACM0, Stage: Unknown, Red score: 0
2026-01-28 18:52:33,453 - Serial client running - Port: /dev/ttyACM0, Stage: Unknown, Red score: 0
2026-01-28 18:52:34,454 - Serial client running - Port: /dev/ttyACM0, Stage: Unknown, Red score: 0
2026-01-28 18:52:35,455 - Serial client running - Port: /dev/ttyACM0, Stage: Unknown, Red score: 0
2026-01-28 18:52:35,928 - Serial receive error: list index out of range
2026-01-28 18:52:36,456 - Serial client running - Port: /dev/ttyACM0, Stage: Unknown, Red score: 0
2026-01-28 18:52:37,457 - Serial client running - Port: /dev/ttyACM0, Stage: Unknown, Red score: 0
2026-01-28 18:52:38,458 - Serial client running - Port: /dev/ttyACM0, Stage: Unknown, Red score: 0
2026-01-28 18:52:39,459 - Serial client running - Port: /dev/ttyACM0, Stage: Unknown, Red score: 0
2026-01-28 18:52:40,460 - Serial client running - Port: /dev/ttyACM0, Stage: Unknown, Red score: 0
2026-01-28 18:52:41,179 - Serial receive error: list index out of range
2026-01-28 18:52:41,461 - Serial client running - Port: /dev/ttyACM0, Stage: Unknown, Red score: 0
2026-01-28 18:52:42,462 - Serial client running - Port: /dev/ttyACM0, Stage: Unknown, Red score: 0
2026-01-28 18:52:43,463 - Serial client running - Port: /dev/ttyACM0, Stage: Unknown, Red score: 0
2026-01-28 18:52:44,141 - Serial receive error: list index out of range
2026-01-28 18:52:44,464 - Serial client running - Port: /dev/ttyACM0, Stage: Unknown, Red score: 0
2026-01-28 18:52:45,465 - Serial client running - Port: /dev/ttyACM0, Stage: Unknown, Red score: 0
2026-01-28 18:52:45,498 - Serial receive error: list index out of range
2026-01-28 18:52:45,580 - Serial receive error: list index out of range
2026-01-28 18:52:46,466 - Serial client running - Port: /dev/ttyACM0, Stage: Unknown, Red score: 0
2026-01-28 18:52:46,478 - Client exited by user (Ctrl+C)
2026-01-28 18:52:46,478 - Serial receive error: read failed: [Errno 9] Bad file descriptor
2026-01-28 18:52:47,467 - Serial client running - Port /dev/ttyACM0 closed, Stage: Unknown, Red score: 0
2026-01-28 18:52:48,468 - Serial client running - Port /dev/ttyACM0 closed, Stage: Unknown, Red score: 0
2026-01-28 18:52:49,469 - Serial client running - Port /dev/ttyACM0 closed, Stage: Unknown, Red score: 0
2026-01-28 18:52:49,491 - Serial port /dev/ttyACM0 opened successfully (Baud: 115200)
2026-01-28 18:52:49,969 - Serial receive error: list index out of range
2026-01-28 18:52:50,201 - Serial receive error: list index out of range
2026-01-28 18:52:50,470 - Serial client running - Port: /dev/ttyACM0, Stage: Unknown, Red score: 0
2026-01-28 18:52:51,471 - Serial client running - Port: /dev/ttyACM0, Stage: Unknown, Red score: 0
2026-01-28 18:52:52,472 - Serial client running - Port: /dev/ttyACM0, Stage: Unknown, Red score: 0
2026-01-28 18:52:53,144 - Serial receive error: list index out of range
2026-01-28 18:52:53,473 - Serial client running - Port: /dev/ttyACM0, Stage: Unknown, Red score: 0
2026-01-28 18:52:54,474 - Serial client running - Port: /dev/ttyACM0, Stage: Unknown, Red score: 0
2026-01-28 18:52:54,569 - Serial receive error: list index out of range
2026-01-28 18:52:55,475 - Serial client running - Port: /dev/ttyACM0, Stage: Unknown, Red score: 0
2026-01-28 18:52:56,476 - Serial client running - Port: /dev/ttyACM0, Stage: Unknown, Red score: 0
2026-01-28 18:52:57,477 - Serial client running - Port: /dev/ttyACM0, Stage: Unknown, Red score: 0
2026-01-28 18:52:58,478 - Serial client running - Port: /dev/ttyACM0, Stage: Unknown, Red score: 0
2026-01-28 18:52:59,479 - Serial client running - Port: /dev/ttyACM0, Stage: Unknown, Red score: 0
2026-01-28 18:53:00,480 - Serial client running - Port: /dev/ttyACM0, Stage: Unknown, Red score: 0
2026-01-28 18:53:01,481 - Serial client running - Port: /dev/ttyACM0, Stage: Unknown, Red score: 0
2026-01-28 18:53:02,482 - Serial client running - Port: /dev/ttyACM0, Stage: Unknown, Red score: 0
2026-01-28 18:53:03,483 - Serial client running - Port: /dev/ttyACM0, Stage: Unknown, Red score: 0
2026-01-28 18:53:04,484 - Serial client running - Port: /dev/ttyACM0, Stage: Unknown, Red score: 0
2026-01-28 18:53:04,581 - Serial receive error: list index out of range
2026-01-28 18:53:05,485 - Serial client running - Port: /dev/ttyACM0, Stage: Unknown, Red score: 0
2026-01-28 18:53:05,810 - Serial receive error: list index out of range
2026-01-28 18:53:06,486 - Serial client running - Port: /dev/ttyACM0, Stage: Unknown, Red score: 0
2026-01-28 18:53:07,487 - Serial client running - Port: /dev/ttyACM0, Stage: Unknown, Red score: 0
2026-01-28 18:53:08,488 - Serial client running - Port: /dev/ttyACM0, Stage: Unknown, Red score: 0
2026-01-28 18:53:09,489 - Serial client running - Port: /dev/ttyACM0, Stage: Unknown, Red score: 0
2026-01-28 18:53:10,490 - Serial client running - Port: /dev/ttyACM0, Stage: Unknown, Red score: 0
2026-01-28 18:53:11,491 - Serial client running - Port: /dev/ttyACM0, Stage: Unknown, Red score: 0
2026-01-28 18:53:12,492 - Serial client running - Port: /dev/ttyACM0, Stage: Unknown, Red score: 0
2026-01-28 18:53:13,493 - Serial client running - Port: /dev/ttyACM0, Stage: Unknown, Red score: 0
2026-01-28 18:53:14,495 - Serial client running - Port: /dev/ttyACM0, Stage: Unknown, Red score: 0
2026-01-28 18:53:15,496 - Serial client running - Port: /dev/ttyACM0, Stage: Unknown, Red score: 0
2026-01-28 18:53:16,498 - Serial client running - Port: /dev/ttyACM0, Stage: Unknown, Red score: 0
2026-01-28 18:53:17,500 - Serial client running - Port: /dev/ttyACM0, Stage: Unknown, Red score: 0
2026-01-28 18:53:18,501 - Serial client running - Port: /dev/ttyACM0, Stage: Unknown, Red score: 0
2026-01-28 18:53:19,502 - Serial client running - Port: /dev/ttyACM0, Stage: Unknown, Red score: 0
2026-01-28 18:53:20,503 - Serial client running - Port: /dev/ttyACM0, Stage: Unknown, Red score: 0
2026-01-28 18:53:21,048 - Serial receive error: list index out of range
2026-01-28 18:53:21,504 - Serial client running - Port: /dev/ttyACM0, Stage: Unknown, Red score: 0
2026-01-28 18:53:22,505 - Serial client running - Port: /dev/ttyACM0, Stage: Unknown, Red score: 0
2026-01-28 18:53:23,506 - Serial client running - Port: /dev/ttyACM0, Stage: Unknown, Red score: 0
2026-01-28 18:53:24,507 - Serial client running - Port: /dev/ttyACM0, Stage: Unknown, Red score: 0
2026-01-28 18:53:25,508 - Serial client running - Port: /dev/ttyACM0, Stage: Unknown, Red score: 0
2026-01-28 18:53:26,509 - Serial client running - Port: /dev/ttyACM0, Stage: Unknown, Red score: 0
2026-01-28 18:53:27,511 - Serial client running - Port: /dev/ttyACM0, Stage: Unknown, Red score: 0
2026-01-28 18:53:28,513 - Serial client running - Port: /dev/ttyACM0, Stage: Unknown, Red score: 0
2026-01-28 18:53:28,973 - Serial receive error: list index out of range
2026-01-28 18:53:29,514 - Serial client running - Port: /dev/ttyACM0, Stage: Unknown, Red score: 0
2026-01-28 18:53:30,516 - Serial client running - Port: /dev/ttyACM0, Stage: Unknown, Red score: 0
2026-01-28 18:53:31,517 - Serial client running - Port: /dev/ttyACM0, Stage: Unknown, Red score: 0
2026-01-28 18:53:32,519 - Serial client running - Port: /dev/ttyACM0, Stage: Unknown, Red score: 0
2026-01-28 18:53:33,520 - Serial client running - Port: /dev/ttyACM0, Stage: Unknown, Red score: 0
2026-01-28 18:53:34,521 - Serial client running - Port: /dev/ttyACM0, Stage: Unknown, Red score: 0
2026-01-28 18:53:34,626 - Serial receive error: list index out of range
2026-01-28 18:53:35,522 - Serial client running - Port: /dev/ttyACM0, Stage: Unknown, Red score: 0
2026-01-28 18:53:36,523 - Serial client running - Port: /dev/ttyACM0, Stage: Unknown, Red score: 0
2026-01-28 18:53:37,524 - Serial client running - Port: /dev/ttyACM0, Stage: Unknown, Red score: 0
2026-01-28 18:53:38,525 - Serial client running - Port: /dev/ttyACM0, Stage: Unknown, Red score: 0
2026-01-28 18:53:39,526 - Serial client running - Port: /dev/ttyACM0, Stage: Unknown, Red score: 0
2026-01-28 18:53:40,527 - Serial client running - Port: /dev/ttyACM0, Stage: Unknown, Red score: 0
2026-01-28 18:53:41,528 - Serial client running - Port: /dev/ttyACM0, Stage: Unknown, Red score: 0
2026-01-28 18:53:41,534 - Serial receive error: list index out of range
2026-01-28 18:53:42,530 - Serial client running - Port: /dev/ttyACM0, Stage: Unknown, Red score: 0
2026-01-28 18:53:42,621 - Serial receive error: list index out of range
2026-01-28 18:53:43,531 - Serial client running - Port: /dev/ttyACM0, Stage: Unknown, Red score: 0
2026-01-28 18:53:43,833 - Serial receive error: list index out of range
2026-01-28 18:53:44,532 - Serial client running - Port: /dev/ttyACM0, Stage: Unknown, Red score: 0
2026-01-28 18:53:45,533 - Serial client running - Port: /dev/ttyACM0, Stage: Unknown, Red score: 0
2026-01-28 18:53:46,009 - Serial receive error: list index out of range
2026-01-28 18:53:46,209 - Serial receive error: list index out of range
2026-01-28 18:53:46,285 - Serial receive error: list index out of range
2026-01-28 18:53:46,534 - Serial client running - Port: /dev/ttyACM0, Stage: Unknown, Red score: 0
2026-01-28 18:53:47,535 - Serial client running - Port: /dev/ttyACM0, Stage: Unknown, Red score: 0
2026-01-28 18:53:47,828 - Serial receive error: list index out of range
2026-01-28 18:53:48,536 - Serial client running - Port: /dev/ttyACM0, Stage: Unknown, Red score: 0
2026-01-28 18:53:49,479 - Serial receive error: list index out of range
2026-01-28 18:53:49,531 - Serial receive error: list index out of range
2026-01-28 18:53:49,537 - Serial client running - Port: /dev/ttyACM0, Stage: Unknown, Red score: 0
2026-01-28 18:53:50,021 - Serial receive error: list index out of range
2026-01-28 18:53:50,538 - Serial client running - Port: /dev/ttyACM0, Stage: Unknown, Red score: 0
2026-01-28 18:53:51,539 - Serial client running - Port: /dev/ttyACM0, Stage: Unknown, Red score: 0
2026-01-28 18:53:52,540 - Serial client running - Port: /dev/ttyACM0, Stage: Unknown, Red score: 0
2026-01-28 18:53:53,541 - Serial client running - Port: /dev/ttyACM0, Stage: Unknown, Red score: 0
2026-01-28 18:53:54,541 - Serial receive error: list index out of range
2026-01-28 18:53:54,542 - Serial client running - Port: /dev/ttyACM0, Stage: Unknown, Red score: 0
2026-01-28 18:53:55,543 - Serial client running - Port: /dev/ttyACM0, Stage: Unknown, Red score: 0
2026-01-28 18:53:56,544 - Serial client running - Port: /dev/ttyACM0, Stage: Unknown, Red score: 0
2026-01-28 18:53:57,545 - Serial receive error: list index out of range
2026-01-28 18:53:57,545 - Serial client running - Port: /dev/ttyACM0, Stage: Unknown, Red score: 0
2026-01-28 18:53:58,546 - Serial client running - Port: /dev/ttyACM0, Stage: Unknown, Red score: 0
2026-01-28 18:53:59,080 - Serial receive error: list index out of range
2026-01-28 18:53:59,547 - Serial client running - Port: /dev/ttyACM0, Stage: Unknown, Red score: 0
2026-01-28 18:54:00,548 - Serial client running - Port: /dev/ttyACM0, Stage: Unknown, Red score: 0
2026-01-28 18:54:00,777 - Serial receive error: list index out of range
2026-01-28 18:54:01,549 - Serial client running - Port: /dev/ttyACM0, Stage: Unknown, Red score: 0
2026-01-28 18:54:02,104 - Serial receive error: list index out of range
2026-01-28 18:54:02,550 - Serial client running - Port: /dev/ttyACM0, Stage: Unknown, Red score: 0
2026-01-28 18:54:03,551 - Serial client running - Port: /dev/ttyACM0, Stage: Unknown, Red score: 0
2026-01-28 18:54:04,552 - Serial client running - Port: /dev/ttyACM0, Stage: Unknown, Red score: 0
2026-01-28 18:54:05,553 - Serial client running - Port: /dev/ttyACM0, Stage: Unknown, Red score: 0
2026-01-28 18:54:06,554 - Serial client running - Port: /dev/ttyACM0, Stage: Unknown, Red score: 0
2026-01-28 18:54:07,549 - Serial receive error: list index out of range
2026-01-28 18:54:07,555 - Serial client running - Port: /dev/ttyACM0, Stage: Unknown, Red score: 0
2026-01-28 18:54:08,556 - Serial client running - Port: /dev/ttyACM0, Stage: Unknown, Red score: 0
2026-01-28 18:54:09,557 - Serial client running - Port: /dev/ttyACM0, Stage: Unknown, Red score: 0
2026-01-28 18:54:10,558 - Serial client running - Port: /dev/ttyACM0, Stage: Unknown, Red score: 0
2026-01-28 18:54:11,559 - Serial client running - Port: /dev/ttyACM0, Stage: Unknown, Red score: 0
2026-01-28 18:54:12,164 - Serial receive error: list index out of range
2026-01-28 18:54:12,258 - Serial receive error: list index out of range
2026-01-28 18:54:12,560 - Serial client running - Port: /dev/ttyACM0, Stage: Unknown, Red score: 0
2026-01-28 18:54:13,561 - Serial client running - Port: /dev/ttyACM0, Stage: Unknown, Red score: 0
2026-01-28 18:54:14,562 - Serial client running - Port: /dev/ttyACM0, Stage: Unknown, Red score: 0
2026-01-28 18:54:15,563 - Serial client running - Port: /dev/ttyACM0, Stage: Unknown, Red score: 0
2026-01-28 18:54:16,280 - Serial receive error: list index out of range
2026-01-28 18:54:16,564 - Serial client running - Port: /dev/ttyACM0, Stage: Unknown, Red score: 0
2026-01-28 18:54:17,565 - Serial client running - Port: /dev/ttyACM0, Stage: Unknown, Red score: 0
2026-01-28 18:54:17,945 - Serial receive error: list index out of range
2026-01-28 18:54:18,566 - Serial client running - Port: /dev/ttyACM0, Stage: Unknown, Red score: 0
2026-01-28 18:54:18,567 - Serial receive error: list index out of range
2026-01-28 18:54:19,567 - Serial client running - Port: /dev/ttyACM0, Stage: Unknown, Red score: 0
2026-01-28 18:54:20,568 - Serial client running - Port: /dev/ttyACM0, Stage: Unknown, Red score: 0
2026-01-28 18:54:21,569 - Serial client running - Port: /dev/ttyACM0, Stage: Unknown, Red score: 0
2026-01-28 18:54:22,570 - Serial client running - Port: /dev/ttyACM0, Stage: Unknown, Red score: 0
2026-01-28 18:54:23,571 - Serial client running - Port: /dev/ttyACM0, Stage: Unknown, Red score: 0
2026-01-28 18:54:24,572 - Serial client running - Port: /dev/ttyACM0, Stage: Unknown, Red score: 0
2026-01-28 18:54:25,063 - Serial receive error: list index out of range
2026-01-28 18:54:25,573 - Serial client running - Port: /dev/ttyACM0, Stage: Unknown, Red score: 0
2026-01-28 18:54:26,045 - Serial receive error: list index out of range
2026-01-28 18:54:26,574 - Serial client running - Port: /dev/ttyACM0, Stage: Unknown, Red score: 0
2026-01-28 18:54:27,575 - Serial client running - Port: /dev/ttyACM0, Stage: Unknown, Red score: 0
2026-01-28 18:54:28,576 - Serial client running - Port: /dev/ttyACM0, Stage: Unknown, Red score: 0
2026-01-28 18:54:29,577 - Serial client running - Port: /dev/ttyACM0, Stage: Unknown, Red score: 0
2026-01-28 18:54:30,538 - Serial receive error: list index out of range
2026-01-28 18:54:30,578 - Serial client running - Port: /dev/ttyACM0, Stage: Unknown, Red score: 0
2026-01-28 18:54:31,579 - Serial client running - Port: /dev/ttyACM0, Stage: Unknown, Red score: 0
2026-01-28 18:54:32,580 - Serial client running - Port: /dev/ttyACM0, Stage: Unknown, Red score: 0
2026-01-28 18:54:33,581 - Serial client running - Port: /dev/ttyACM0, Stage: Unknown, Red score: 0
2026-01-28 18:54:34,582 - Serial client running - Port: /dev/ttyACM0, Stage: Unknown, Red score: 0
2026-01-28 18:54:35,067 - Serial receive error: list index out of range
2026-01-28 18:54:35,081 - Serial receive error: list index out of range
2026-01-28 18:54:35,583 - Serial client running - Port: /dev/ttyACM0, Stage: Unknown, Red score: 0
2026-01-28 18:54:36,584 - Serial client running - Port: /dev/ttyACM0, Stage: Unknown, Red score: 0
2026-01-28 18:54:37,585 - Serial client running - Port: /dev/ttyACM0, Stage: Unknown, Red score: 0
2026-01-28 18:54:37,822 - Serial receive error: list index out of range
2026-01-28 18:54:37,832 - Serial receive error: list index out of range
2026-01-28 18:54:38,586 - Serial client running - Port: /dev/ttyACM0, Stage: Unknown, Red score: 0
2026-01-28 18:54:39,587 - Serial client running - Port: /dev/ttyACM0, Stage: Unknown, Red score: 0
2026-01-28 18:54:40,588 - Serial client running - Port: /dev/ttyACM0, Stage: Unknown, Red score: 0
2026-01-28 18:54:41,589 - Serial client running - Port: /dev/ttyACM0, Stage: Unknown, Red score: 0
2026-01-28 18:54:42,590 - Serial client running - Port: /dev/ttyACM0, Stage: Unknown, Red score: 0
2026-01-28 18:54:43,591 - Serial client running - Port: /dev/ttyACM0, Stage: Unknown, Red score: 0
2026-01-28 18:54:44,592 - Serial client running - Port: /dev/ttyACM0, Stage: Unknown, Red score: 0
2026-01-28 18:54:44,608 - Serial receive error: list index out of range
2026-01-28 18:54:45,593 - Serial client running - Port: /dev/ttyACM0, Stage: Unknown, Red score: 0
2026-01-28 18:54:46,594 - Serial client running - Port: /dev/ttyACM0, Stage: Unknown, Red score: 0
2026-01-28 18:54:47,595 - Serial client running - Port: /dev/ttyACM0, Stage: Unknown, Red score: 0
2026-01-28 18:54:48,596 - Serial client running - Port: /dev/ttyACM0, Stage: Unknown, Red score: 0
2026-01-28 18:54:49,597 - Serial client running - Port: /dev/ttyACM0, Stage: Unknown, Red score: 0
2026-01-28 18:54:50,598 - Serial client running - Port: /dev/ttyACM0, Stage: Unknown, Red score: 0
2026-01-28 18:54:50,642 - Serial receive error: list index out of range
2026-01-28 18:54:51,599 - Serial client running - Port: /dev/ttyACM0, Stage: Unknown, Red score: 0
2026-01-28 18:54:52,600 - Serial client running - Port: /dev/ttyACM0, Stage: Unknown, Red score: 0
2026-01-28 18:54:53,601 - Serial client running - Port: /dev/ttyACM0, Stage: Unknown, Red score: 0
2026-01-28 18:54:54,602 - Serial client running - Port: /dev/ttyACM0, Stage: Unknown, Red score: 0
2026-01-28 18:54:54,739 - Serial receive error: list index out of range
2026-01-28 18:54:55,073 - Serial receive error: list index out of range
2026-01-28 18:54:55,603 - Serial client running - Port: /dev/ttyACM0, Stage: Unknown, Red score: 0
2026-01-28 18:54:56,604 - Serial client running - Port: /dev/ttyACM0, Stage: Unknown, Red score: 0
2026-01-28 18:54:57,317 - Serial receive error: list index out of range
2026-01-28 18:54:57,605 - Serial client running - Port: /dev/ttyACM0, Stage: Unknown, Red score: 0
2026-01-28 18:54:58,606 - Serial client running - Port: /dev/ttyACM0, Stage: Unknown, Red score: 0
2026-01-28 18:54:59,607 - Serial client running - Port: /dev/ttyACM0, Stage: Unknown, Red score: 0
2026-01-28 18:55:00,608 - Serial client running - Port: /dev/ttyACM0, Stage: Unknown, Red score: 0
2026-01-28 18:55:01,609 - Serial client running - Port: /dev/ttyACM0, Stage: Unknown, Red score: 0
2026-01-28 18:55:02,610 - Serial client running - Port: /dev/ttyACM0, Stage: Unknown, Red score: 0
2026-01-28 18:55:03,611 - Serial client running - Port: /dev/ttyACM0, Stage: Unknown, Red score: 0
2026-01-28 18:55:04,612 - Serial client running - Port: /dev/ttyACM0, Stage: Unknown, Red score: 0
2026-01-28 18:55:05,570 - Serial receive error: list index out of range
2026-01-28 18:55:05,613 - Serial client running - Port: /dev/ttyACM0, Stage: Unknown, Red score: 0
2026-01-28 18:55:06,614 - Serial client running - Port: /dev/ttyACM0, Stage: Unknown, Red score: 0
2026-01-28 18:55:07,615 - Serial client running - Port: /dev/ttyACM0, Stage: Unknown, Red score: 0
2026-01-28 18:55:08,616 - Serial client running - Port: /dev/ttyACM0, Stage: Unknown, Red score: 0
2026-01-28 18:55:09,617 - Serial client running - Port: /dev/ttyACM0, Stage: Unknown, Red score: 0
2026-01-28 18:55:10,618 - Serial client running - Port: /dev/ttyACM0, Stage: Unknown, Red score: 0
2026-01-28 18:55:10,648 - Serial receive error: list index out of range
2026-01-28 18:55:11,076 - Serial receive error: list index out of range
2026-01-28 18:55:11,451 - Serial receive error: list index out of range
2026-01-28 18:55:11,619 - Serial client running - Port: /dev/ttyACM0, Stage: Unknown, Red score: 0
2026-01-28 18:55:12,620 - Serial client running - Port: /dev/ttyACM0, Stage: Unknown, Red score: 0
2026-01-28 18:55:13,621 - Serial client running - Port: /dev/ttyACM0, Stage: Unknown, Red score: 0
2026-01-28 18:55:14,622 - Serial client running - Port: /dev/ttyACM0, Stage: Unknown, Red score: 0
2026-01-28 18:55:15,623 - Serial client running - Port: /dev/ttyACM0, Stage: Unknown, Red score: 0
2026-01-28 18:55:15,742 - Serial receive error: list index out of range
2026-01-28 18:55:16,222 - Serial receive error: list index out of range
2026-01-28 18:55:16,624 - Serial client running - Port: /dev/ttyACM0, Stage: Unknown, Red score: 0
2026-01-28 18:55:17,625 - Serial client running - Port: /dev/ttyACM0, Stage: Unknown, Red score: 0
2026-01-28 18:55:18,626 - Serial client running - Port: /dev/ttyACM0, Stage: Unknown, Red score: 0
2026-01-28 18:55:19,442 - Serial receive error: list index out of range
2026-01-28 18:55:19,627 - Serial client running - Port: /dev/ttyACM0, Stage: Unknown, Red score: 0
2026-01-28 18:55:20,628 - Serial client running - Port: /dev/ttyACM0, Stage: Unknown, Red score: 0
2026-01-28 18:55:21,629 - Serial client running - Port: /dev/ttyACM0, Stage: Unknown, Red score: 0
2026-01-28 18:55:22,630 - Serial client running - Port: /dev/ttyACM0, Stage: Unknown, Red score: 0
2026-01-28 18:55:23,631 - Serial client running - Port: /dev/ttyACM0, Stage: Unknown, Red score: 0
2026-01-28 18:55:24,079 - Serial receive error: list index out of range
2026-01-28 18:55:24,632 - Serial client running - Port: /dev/ttyACM0, Stage: Unknown, Red score: 0
2026-01-28 18:55:25,633 - Serial client running - Port: /dev/ttyACM0, Stage: Unknown, Red score: 0
2026-01-28 18:55:26,468 - Serial receive error: list index out of range
2026-01-28 18:55:26,634 - Serial client running - Port: /dev/ttyACM0, Stage: Unknown, Red score: 0
2026-01-28 18:55:27,635 - Serial client running - Port: /dev/ttyACM0, Stage: Unknown, Red score: 0
2026-01-28 18:55:28,587 - Serial receive error: device reports readiness to read but returned no data (device disconnected or multiple access on port?)
2026-01-28 18:55:28,636 - Serial client running - Port: /dev/ttyACM0, Stage: Unknown, Red score: 0
2026-01-28 18:55:28,993 - Serial receive error: list index out of range
2026-01-28 18:55:29,637 - Serial client running - Port: /dev/ttyACM0, Stage: Unknown, Red score: 0
2026-01-28 18:55:30,638 - Serial client running - Port: /dev/ttyACM0, Stage: Unknown, Red score: 0
2026-01-28 18:55:31,639 - Serial client running - Port: /dev/ttyACM0, Stage: Unknown, Red score: 0
2026-01-28 18:55:32,147 - Serial receive error: list index out of range
2026-01-28 18:55:32,640 - Serial client running - Port: /dev/ttyACM0, Stage: Unknown, Red score: 0
2026-01-28 18:55:33,641 - Serial client running - Port: /dev/ttyACM0, Stage: Unknown, Red score: 0
2026-01-28 18:55:34,642 - Serial client running - Port: /dev/ttyACM0, Stage: Unknown, Red score: 0
2026-01-28 18:55:35,643 - Serial client running - Port: /dev/ttyACM0, Stage: Unknown, Red score: 0
2026-01-28 18:55:36,644 - Serial client running - Port: /dev/ttyACM0, Stage: Unknown, Red score: 0
2026-01-28 18:55:37,645 - Serial client running - Port: /dev/ttyACM0, Stage: Unknown, Red score: 0
2026-01-28 18:55:38,123 - Serial receive error: list index out of range
2026-01-28 18:55:38,646 - Serial client running - Port: /dev/ttyACM0, Stage: Unknown, Red score: 0
2026-01-28 18:55:39,647 - Serial client running - Port: /dev/ttyACM0, Stage: Unknown, Red score: 0
2026-01-28 18:55:40,648 - Serial client running - Port: /dev/ttyACM0, Stage: Unknown, Red score: 0
2026-01-28 18:55:41,649 - Serial client running - Port: /dev/ttyACM0, Stage: Unknown, Red score: 0
2026-01-28 18:55:42,650 - Serial client running - Port: /dev/ttyACM0, Stage: Unknown, Red score: 0
2026-01-28 18:55:43,651 - Serial client running - Port: /dev/ttyACM0, Stage: Unknown, Red score: 0
2026-01-28 18:55:43,818 - Serial receive error: list index out of range
2026-01-28 18:55:44,652 - Serial client running - Port: /dev/ttyACM0, Stage: Unknown, Red score: 0
2026-01-28 18:55:45,653 - Serial client running - Port: /dev/ttyACM0, Stage: Unknown, Red score: 0
2026-01-28 18:55:46,654 - Serial client running - Port: /dev/ttyACM0, Stage: Unknown, Red score: 0
2026-01-28 18:55:47,655 - Serial client running - Port: /dev/ttyACM0, Stage: Unknown, Red score: 0
2026-01-28 18:55:48,520 - Serial receive error: list index out of range
2026-01-28 18:55:48,656 - Serial client running - Port: /dev/ttyACM0, Stage: Unknown, Red score: 0
2026-01-28 18:55:49,657 - Serial client running - Port: /dev/ttyACM0, Stage: Unknown, Red score: 0
2026-01-28 18:55:49,672 - Serial receive error: list index out of range
2026-01-28 18:55:50,658 - Serial client running - Port: /dev/ttyACM0, Stage: Unknown, Red score: 0
2026-01-28 18:55:51,659 - Serial client running - Port: /dev/ttyACM0, Stage: Unknown, Red score: 0
2026-01-28 18:55:51,771 - Serial receive error: list index out of range
2026-01-28 18:55:52,660 - Serial client running - Port: /dev/ttyACM0, Stage: Unknown, Red score: 0
2026-01-28 18:55:53,661 - Serial client running - Port: /dev/ttyACM0, Stage: Unknown, Red score: 0
2026-01-28 18:55:54,662 - Serial client running - Port: /dev/ttyACM0, Stage: Unknown, Red score: 0
2026-01-28 18:55:55,383 - Serial receive error: list index out of range
2026-01-28 18:55:55,663 - Serial client running - Port: /dev/ttyACM0, Stage: Unknown, Red score: 0
2026-01-28 18:55:56,664 - Serial client running - Port: /dev/ttyACM0, Stage: Unknown, Red score: 0
2026-01-28 18:55:57,665 - Serial client running - Port: /dev/ttyACM0, Stage: Unknown, Red score: 0
2026-01-28 18:55:58,666 - Serial client running - Port: /dev/ttyACM0, Stage: Unknown, Red score: 0
2026-01-28 18:55:59,667 - Serial client running - Port: /dev/ttyACM0, Stage: Unknown, Red score: 0
2026-01-28 18:56:00,668 - Serial client running - Port: /dev/ttyACM0, Stage: Unknown, Red score: 0
2026-01-28 18:56:01,669 - Serial client running - Port: /dev/ttyACM0, Stage: Unknown, Red score: 0
2026-01-28 18:56:02,670 - Serial client running - Port: /dev/ttyACM0, Stage: Unknown, Red score: 0
2026-01-28 18:56:03,671 - Serial client running - Port: /dev/ttyACM0, Stage: Unknown, Red score: 0
2026-01-28 18:56:04,672 - Serial client running - Port: /dev/ttyACM0, Stage: Unknown, Red score: 0
2026-01-28 18:56:05,673 - Serial client running - Port: /dev/ttyACM0, Stage: Unknown, Red score: 0
2026-01-28 18:56:06,171 - Serial receive error: list index out of range
2026-01-28 18:56:06,674 - Serial client running - Port: /dev/ttyACM0, Stage: Unknown, Red score: 0
2026-01-28 18:56:06,790 - Serial receive error: list index out of range
2026-01-28 18:56:07,675 - Serial client running - Port: /dev/ttyACM0, Stage: Unknown, Red score: 0
2026-01-28 18:56:08,676 - Serial client running - Port: /dev/ttyACM0, Stage: Unknown, Red score: 0
2026-01-28 18:56:09,677 - Serial client running - Port: /dev/ttyACM0, Stage: Unknown, Red score: 0
2026-01-28 18:56:09,878 - Serial receive error: list index out of range
2026-01-28 18:56:10,678 - Serial client running - Port: /dev/ttyACM0, Stage: Unknown, Red score: 0
2026-01-28 18:56:11,679 - Serial client running - Port: /dev/ttyACM0, Stage: Unknown, Red score: 0
2026-01-28 18:56:12,538 - Serial receive error: list index out of range
2026-01-28 18:56:12,680 - Serial client running - Port: /dev/ttyACM0, Stage: Unknown, Red score: 0
2026-01-28 18:56:13,681 - Serial client running - Port: /dev/ttyACM0, Stage: Unknown, Red score: 0
2026-01-28 18:56:14,682 - Serial client running - Port: /dev/ttyACM0, Stage: Unknown, Red score: 0
2026-01-28 18:56:15,683 - Serial client running - Port: /dev/ttyACM0, Stage: Unknown, Red score: 0
2026-01-28 18:56:16,684 - Serial client running - Port: /dev/ttyACM0, Stage: Unknown, Red score: 0
2026-01-28 18:56:17,685 - Serial client running - Port: /dev/ttyACM0, Stage: Unknown, Red score: 0
2026-01-28 18:56:17,891 - Serial receive error: list index out of range
2026-01-28 18:56:18,686 - Serial client running - Port: /dev/ttyACM0, Stage: Unknown, Red score: 0
2026-01-28 18:56:19,687 - Serial client running - Port: /dev/ttyACM0, Stage: Unknown, Red score: 0
2026-01-28 19:08:35,867 - Serial port /dev/ttyACM0 opened successfully (Baud: 115200)
2026-01-28 19:08:35,869 - Serial client running - Port: /dev/ttyACM0, Stage: Unknown, Red score: 0
2026-01-28 19:08:35,969 - UDP video receiver started on port 3334
2026-01-28 19:08:36,860 - Serial receive error: list index out of range
2026-01-28 19:08:36,969 - Serial client running - Port: /dev/ttyACM0, Stage: Unknown, Red score: 0
2026-01-28 19:08:37,890 - Serial receive error: list index out of range
2026-01-28 19:08:37,970 - Serial client running - Port: /dev/ttyACM0, Stage: Unknown, Red score: 0
2026-01-28 19:08:38,223 - Serial receive error: list index out of range
2026-01-28 19:08:38,971 - Serial client running - Port: /dev/ttyACM0, Stage: Unknown, Red score: 0
2026-01-28 19:08:39,972 - Serial client running - Port: /dev/ttyACM0, Stage: Unknown, Red score: 0
2026-01-28 19:08:40,695 - Serial receive error: list index out of range
2026-01-28 19:08:40,973 - Serial client running - Port: /dev/ttyACM0, Stage: Unknown, Red score: 0
2026-01-28 19:08:41,974 - Serial client running - Port: /dev/ttyACM0, Stage: Unknown, Red score: 0
2026-01-28 19:08:42,975 - Serial client running - Port: /dev/ttyACM0, Stage: Unknown, Red score: 0
2026-01-28 19:08:43,976 - Serial client running - Port: /dev/ttyACM0, Stage: Unknown, Red score: 0
2026-01-28 19:08:44,977 - Serial client running - Port: /dev/ttyACM0, Stage: Unknown, Red score: 0
2026-01-28 19:08:45,315 - Serial receive error: list index out of range
2026-01-28 19:08:45,978 - Serial client running - Port: /dev/ttyACM0, Stage: Unknown, Red score: 0
2026-01-28 19:08:46,608 - Serial receive error: list index out of range
2026-01-28 19:08:46,979 - Serial client running - Port: /dev/ttyACM0, Stage: Unknown, Red score: 0
2026-01-28 19:08:47,164 - Serial receive error: list index out of range
2026-01-28 19:08:47,980 - Serial client running - Port: /dev/ttyACM0, Stage: Unknown, Red score: 0
2026-01-28 19:08:48,981 - Serial client running - Port: /dev/ttyACM0, Stage: Unknown, Red score: 0
2026-01-28 19:08:49,491 - Serial receive error: list index out of range
2026-01-28 19:08:49,982 - Serial client running - Port: /dev/ttyACM0, Stage: Unknown, Red score: 0
2026-01-28 19:08:50,908 - Serial receive error: list index out of range
2026-01-28 19:08:50,983 - Serial client running - Port: /dev/ttyACM0, Stage: Unknown, Red score: 0
2026-01-28 19:08:51,984 - Serial client running - Port: /dev/ttyACM0, Stage: Unknown, Red score: 0
2026-01-28 19:08:52,436 - Serial receive error: list index out of range
2026-01-28 19:08:52,985 - Serial client running - Port: /dev/ttyACM0, Stage: Unknown, Red score: 0
2026-01-28 19:08:53,497 - Serial receive error: list index out of range
2026-01-28 19:08:53,986 - Serial client running - Port: /dev/ttyACM0, Stage: Unknown, Red score: 0
2026-01-28 19:08:54,987 - Serial client running - Port: /dev/ttyACM0, Stage: Unknown, Red score: 0
2026-01-28 19:08:55,988 - Serial client running - Port: /dev/ttyACM0, Stage: Unknown, Red score: 0
2026-01-28 19:08:56,884 - Serial receive error: list index out of range
2026-01-28 19:08:56,989 - Serial client running - Port: /dev/ttyACM0, Stage: Unknown, Red score: 0
2026-01-28 19:08:57,990 - Serial client running - Port: /dev/ttyACM0, Stage: Unknown, Red score: 0
2026-01-28 19:08:58,329 - Serial receive error: list index out of range
2026-01-28 19:08:58,991 - Serial client running - Port: /dev/ttyACM0, Stage: Unknown, Red score: 0
2026-01-28 19:08:59,061 - Serial receive error: list index out of range
2026-01-28 19:08:59,992 - Serial client running - Port: /dev/ttyACM0, Stage: Unknown, Red score: 0
2026-01-28 19:09:00,992 - Serial receive error: list index out of range
2026-01-28 19:09:00,993 - Serial client running - Port: /dev/ttyACM0, Stage: Unknown, Red score: 0
2026-01-28 19:09:01,994 - Serial client running - Port: /dev/ttyACM0, Stage: Unknown, Red score: 0
2026-01-28 19:09:02,995 - Serial client running - Port: /dev/ttyACM0, Stage: Unknown, Red score: 0
2026-01-28 19:09:03,583 - Serial receive error: list index out of range
2026-01-28 19:09:03,996 - Serial client running - Port: /dev/ttyACM0, Stage: Unknown, Red score: 0
2026-01-28 19:09:04,997 - Serial client running - Port: /dev/ttyACM0, Stage: Unknown, Red score: 0
2026-01-28 19:09:05,998 - Serial client running - Port: /dev/ttyACM0, Stage: Unknown, Red score: 0
2026-01-28 19:09:06,999 - Serial client running - Port: /dev/ttyACM0, Stage: Unknown, Red score: 0
2026-01-28 19:09:07,231 - Serial receive error: list index out of range
2026-01-28 19:09:08,000 - Serial client running - Port: /dev/ttyACM0, Stage: Unknown, Red score: 0
2026-01-28 19:09:09,001 - Serial client running - Port: /dev/ttyACM0, Stage: Unknown, Red score: 0
2026-01-28 19:09:09,131 - Serial receive error: list index out of range
2026-01-28 19:09:09,832 - Serial receive error: list index out of range
2026-01-28 19:09:10,002 - Serial client running - Port: /dev/ttyACM0, Stage: Unknown, Red score: 0
2026-01-28 19:09:10,400 - Serial receive error: list index out of range
2026-01-28 19:09:11,003 - Serial client running - Port: /dev/ttyACM0, Stage: Unknown, Red score: 0
2026-01-28 19:09:11,674 - Serial receive error: list index out of range
2026-01-28 19:09:11,694 - Serial receive error: list index out of range
2026-01-28 19:09:11,709 - Serial receive error: list index out of range
2026-01-28 19:09:11,734 - Serial receive error: list index out of range
2026-01-28 19:09:11,765 - Serial receive error: list index out of range
2026-01-28 19:09:11,779 - Serial receive error: list index out of range
2026-01-28 19:09:11,809 - Serial receive error: list index out of range
2026-01-28 19:09:11,821 - Serial receive error: list index out of range
2026-01-28 19:09:11,851 - Serial receive error: list index out of range
2026-01-28 19:09:11,877 - Serial receive error: list index out of range
2026-01-28 19:09:11,909 - Serial receive error: list index out of range
2026-01-28 19:09:11,937 - Serial receive error: list index out of range
2026-01-28 19:09:11,951 - Serial receive error: list index out of range
2026-01-28 19:09:11,971 - Serial receive error: list index out of range
2026-01-28 19:09:12,004 - Serial client running - Port: /dev/ttyACM0, Stage: Unknown, Red score: 0
2026-01-28 19:09:12,029 - Serial receive error: list index out of range
2026-01-28 19:09:12,049 - Serial receive error: list index out of range
2026-01-28 19:09:12,063 - Serial receive error: list index out of range
2026-01-28 19:09:12,077 - Serial receive error: list index out of range
2026-01-28 19:09:12,113 - Serial receive error: list index out of range
2026-01-28 19:09:12,145 - Serial receive error: list index out of range
2026-01-28 19:09:12,159 - Serial receive error: list index out of range
2026-01-28 19:09:12,177 - Serial receive error: list index out of range
2026-01-28 19:09:12,211 - Serial receive error: list index out of range
2026-01-28 19:09:12,227 - Serial receive error: list index out of range
2026-01-28 19:09:12,253 - Serial receive error: list index out of range
2026-01-28 19:09:12,273 - Serial receive error: list index out of range
2026-01-28 19:09:12,289 - Serial receive error: list index out of range
2026-01-28 19:09:12,337 - Serial receive error: list index out of range
2026-01-28 19:09:12,353 - Serial receive error: list index out of range
2026-01-28 19:09:12,365 - Serial receive error: list index out of range
2026-01-28 19:09:12,377 - Serial receive error: list index out of range
2026-01-28 19:09:12,391 - Serial receive error: list index out of range
2026-01-28 19:09:12,409 - Serial receive error: list index out of range
2026-01-28 19:09:12,421 - Serial receive error: list index out of range
2026-01-28 19:09:12,725 - Serial receive error: list index out of range
2026-01-28 19:09:13,005 - Serial client running - Port: /dev/ttyACM0, Stage: Unknown, Red score: 0
2026-01-28 19:09:14,006 - Serial client running - Port: /dev/ttyACM0, Stage: Unknown, Red score: 0
2026-01-28 19:09:15,007 - Serial client running - Port: /dev/ttyACM0, Stage: Unknown, Red score: 0
2026-01-28 19:09:15,626 - Serial receive error: list index out of range
2026-01-28 19:09:16,008 - Serial client running - Port: /dev/ttyACM0, Stage: Unknown, Red score: 0
2026-01-28 19:09:17,009 - Serial client running - Port: /dev/ttyACM0, Stage: Unknown, Red score: 0
2026-01-28 19:09:18,010 - Serial client running - Port: /dev/ttyACM0, Stage: Unknown, Red score: 0
2026-01-28 19:09:18,489 - Serial receive error: list index out of range
2026-01-28 19:09:18,724 - Serial receive error: list index out of range
2026-01-28 19:09:19,011 - Serial client running - Port: /dev/ttyACM0, Stage: Unknown, Red score: 0
2026-01-28 19:09:20,013 - Serial client running - Port: /dev/ttyACM0, Stage: Unknown, Red score: 0
2026-01-28 19:09:20,948 - Serial receive error: list index out of range
2026-01-28 19:09:21,014 - Serial client running - Port: /dev/ttyACM0, Stage: Unknown, Red score: 0
2026-01-28 19:09:21,699 - Serial receive error: list index out of range
2026-01-28 19:09:22,015 - Serial client running - Port: /dev/ttyACM0, Stage: Unknown, Red score: 0
2026-01-28 19:09:22,033 - Serial receive error: list index out of range
2026-01-28 19:09:23,016 - Serial client running - Port: /dev/ttyACM0, Stage: Unknown, Red score: 0
2026-01-28 19:09:24,017 - Serial client running - Port: /dev/ttyACM0, Stage: Unknown, Red score: 0
2026-01-28 19:09:24,506 - Serial receive error: list index out of range
2026-01-28 19:09:24,540 - Serial receive error: list index out of range
2026-01-28 19:09:25,018 - Serial client running - Port: /dev/ttyACM0, Stage: Unknown, Red score: 0
2026-01-28 19:09:26,019 - Serial client running - Port: /dev/ttyACM0, Stage: Unknown, Red score: 0
2026-01-28 19:09:26,523 - Serial receive error: list index out of range
2026-01-28 19:09:27,020 - Serial client running - Port: /dev/ttyACM0, Stage: Unknown, Red score: 0
2026-01-28 19:09:28,021 - Serial client running - Port: /dev/ttyACM0, Stage: Unknown, Red score: 0
2026-01-28 19:09:28,616 - Serial receive error: list index out of range
2026-01-28 19:09:29,022 - Serial client running - Port: /dev/ttyACM0, Stage: Unknown, Red score: 0
2026-01-28 19:09:29,122 - Serial receive error: list index out of range
2026-01-28 19:09:30,023 - Serial client running - Port: /dev/ttyACM0, Stage: Unknown, Red score: 0
2026-01-28 19:09:31,024 - Serial client running - Port: /dev/ttyACM0, Stage: Unknown, Red score: 0
